id,answer
1,A
2,B
3,A
4,B
5,B
6,B
7,C
8,A
9,B
10,C
11,B
12,B
13,A
14,A
15,B
16,B
17,B
18,A
19,B
20,C
21,A
22,C
23,C
24,A
25,B
26,A
27,A
28,B
29,C
30,C
31,B
32,B
33,A
34,A
35,C
36,C
37,B
38,B
39,C
40,B
41,B
42,A
43,C
44,C
45,B
46,A
47,C
48,B
49,A
50,A
51,B
52,B
53,B
54,B
55,B
56,A
57,B
58,A
59,B
60,A
61,A
62,A
63,A
64,C
65,A
66,B
67,B
68,B
69,B
70,C
71,C
72,A
73,B
74,C
75,C
76,B
77,C
78,B
79,B
80,A
81,B
82,B
83,B
84,B
85,C
86,C
87,A
88,B
89,B
90,B
91,C
92,B
93,B
94,C
95,B
96,A
97,A
98,C
99,B
100,C
101,C
102,C
103,C
104,B
105,C
106,B
107,C
108,C
109,A
110,C
111,A
112,C
113,C
114,A
115,C
116,C
117,A
118,B
119,C
120,C
121,B
122,B
123,C
124,C
125,B
126,C
127,C
128,B
129,A
130,C
131,B
132,C
133,C
134,C
135,B
136,C
137,B
138,B
139,B
140,C
141,A
142,C
143,B
144,B
145,B
146,B
147,A
148,C
149,C
150,A
151,B
152,B
153,B
154,C
155,C
156,A
157,B
158,C
159,B
160,C
161,B
162,A
163,B
164,C
165,A
166,B
167,A
168,A
169,C
170,A
171,B
172,C
173,C
174,A
175,B
176,A
177,C
178,B
179,A
180,B
181,B
182,C
183,C
184,C
185,B
186,C
187,C
188,C
189,C
190,A
191,A
192,A
193,A
194,C
195,C
196,B
197,A
198,A
199,A
200,B
201,B
202,C
203,A
204,B
205,C
206,A
207,B
208,C
209,B
210,B
211,A
212,A
213,A
214,A
215,C
216,C
217,C
218,A
219,C
220,B
221,A
222,C
223,A
224,A
225,B
226,C
227,A
228,B
229,C
230,C
231,B
232,A
233,B
234,A
235,C
236,B
237,C
238,A
239,A
240,B
241,A
242,C
243,B
244,C
245,B
246,B
247,B
248,B
249,A
250,B
251,B
252,C
253,B
254,A
255,A
256,C
257,B
258,B
259,C
260,B
261,A
262,A
263,C
264,B
265,C
266,B
267,B
268,C
269,B
270,A
271,B
272,A
273,A
274,B
275,A
276,A
277,B
278,B
279,C
280,B
281,A
282,B
283,B
284,A
285,B
286,A
287,A
288,B
289,C
290,B
291,A
292,C
293,B
294,C
295,A
296,B
297,C
298,C
299,C
300,A
301,A
302,C
303,A
304,A
305,A
306,C
307,C
308,C
309,C
310,A
311,C
312,A
313,A
314,C
315,A
316,B
317,B
318,B
319,A
320,C
321,C
322,B
323,C
324,A
325,B
326,C
327,B
328,C
329,C
330,A
331,C
332,A
333,A
334,B
335,C
336,B
337,B
338,C
339,A
340,B
341,C
342,B
343,C
344,B
345,A
346,A
347,C
348,C
349,B
350,A
351,A
352,C
353,C
354,A
355,C
356,B
357,C
358,B
359,C
360,A
361,B
362,B
363,C
364,B
365,A
366,A
367,A
368,A
369,A
370,C
371,A
372,B
373,B
374,C
375,A
376,C
377,A
378,B
379,A
380,B
381,A
382,B
383,A
384,A
385,A
386,A
387,B
388,C
389,C
390,C
391,A
392,A
393,B
394,A
395,A
396,A
397,B
398,A
399,C
400,C
401,B
402,A
403,A
404,B
405,B
406,C
407,C
408,B
409,C
410,B
411,C
412,B
413,A
414,C
415,B
416,C
417,A
418,B
419,C
420,B
421,C
422,C
423,C
424,C
425,C
426,A
427,A
428,B
429,C
430,C
431,A
432,C
433,B
434,B
435,A
436,C
437,C
438,B
439,A
440,C
441,A
442,A
443,C
444,B
445,A
446,B
447,A
448,B
449,B
450,C
451,A
452,C
453,A
454,B
455,A
456,A
457,B
458,A
459,B
460,A
461,C
462,A
463,A
464,C
465,B
466,B
467,A
468,C
469,A
470,C
471,C
472,A
473,A
474,B
475,B
476,C
477,C
478,B
479,C
480,B
481,A
482,A
483,C
484,A
485,B
486,B
487,B
488,A
489,B
490,C
491,B
492,C
493,C
494,B
495,A
496,A
497,B
498,C
499,A
500,A
501,B
502,C
503,B
504,A
505,C
506,C
507,A
508,A
509,C
510,B
511,B
512,B
513,B
514,B
515,B
516,B
517,A
518,A
519,A
520,A
521,C
522,B
523,B
524,A
525,A
526,B
527,A
528,B
529,B
530,A
531,C
532,A
533,C
534,C
535,C
536,C
537,B
538,C
539,A
540,A
541,C
542,B
543,B
544,C
545,C
546,A
547,A
548,A
549,C
550,B
551,B
552,B
553,B
554,A
555,A
556,A
557,B
558,C
559,B
560,A
561,C
562,B
563,C
564,A
565,A
566,B
567,B
568,A
569,B
570,C
571,C
572,A
573,B
574,A
575,C
576,C
577,C
578,B
579,A
580,A
581,A
582,A
583,C
584,A
585,B
586,C
587,A
588,C
589,B
590,B
591,A
592,C
593,A
594,B
595,C
596,A
597,A
598,A
599,B
600,B
601,C
602,A
603,A
604,A
605,B
606,B
607,A
608,B
609,C
610,C
611,B
612,A
613,A
614,C
615,B
616,C
617,C
618,B
619,A
620,A
621,A
622,A
623,C
624,C
625,C
626,C
627,C
628,B
629,C
630,C
631,A
632,C
633,A
634,B
635,A
636,B
637,C
638,C
639,B
640,A
641,B
642,C
643,B
644,A
645,C
646,A
647,A
648,C
649,A
650,A
651,B
652,A
653,A
654,B
655,B
656,B
657,C
658,A
659,A
660,C
661,B
662,B
663,B
664,B
665,C
666,B
667,B
668,C
669,B
670,A
671,A
672,A
673,B
674,A
675,C
676,A
677,B
678,B
679,C
680,A
681,C
682,A
683,A
684,A
685,B
686,C
687,C
688,B
689,C
690,A
691,C
692,B
693,C
694,A
695,A
696,B
697,A
698,A
699,B
700,B
701,B
702,B
703,C
704,B
705,A
706,C
707,B
708,C
709,C
710,A
711,C
712,A
713,C
714,A
715,C
716,A
717,C
718,A
719,C
720,C
721,A
722,A
723,A
724,B
725,A
726,A
727,B
728,C
729,B
730,B
731,C
732,C
733,A
734,C
735,A
736,A
737,C
738,A
739,B
740,B
741,B
742,C
743,A
744,C
745,A
746,B
747,C
748,B
749,A
750,C
751,C
752,A
753,C
754,A
755,A
756,C
757,B
758,A
759,A
760,C
761,C
762,B
763,A
764,B
765,C
766,B
767,A
768,A
769,B
770,C
771,A
772,B
773,B
774,A
775,A
776,B
777,B
778,C
779,B
780,C
781,B
782,C
783,C
784,A
785,C
786,A
787,C
788,B
789,A
790,B
791,A
792,B
793,A
794,B
795,C
796,A
797,B
798,A
799,B
800,C
801,B
802,C
803,B
804,B
805,C
806,C
807,A
808,B
809,A
810,C
811,C
812,C
813,A
814,A
815,A
816,A
817,B
818,A
819,B
820,C
821,C
822,A
823,A
824,A
825,A
826,B
827,C
828,C
829,C
830,C
831,C
832,A
833,A
834,C
835,A
836,B
837,B
838,B
839,A
840,C
841,B
842,A
843,A
844,B
845,B
846,C
847,C
848,A
849,C
850,C
851,A
852,C
853,A
854,A
855,C
856,C
857,C
858,A
859,A
860,A
861,B
862,C
863,C
864,B
865,C
866,B
867,B
868,B
869,A
870,B
871,A
872,B
873,A
874,C
875,A
876,B
877,C
878,B
879,B
880,A
881,A
882,A
883,C
884,A
885,C
886,C
887,A
888,A
889,A
890,B
891,B
892,A
893,B
894,A
895,B
896,C
897,A
898,A
899,C
900,C
901,B
902,C
903,B
904,B
905,B
906,B
907,A
908,B
909,A
910,A
911,C
912,B
913,B
914,C
915,C
916,C
917,A
918,B
919,A
920,B
921,B
922,B
923,A
924,C
925,B
926,A
927,B
928,A
929,C
930,A
931,A
932,B
933,A
934,B
935,C
936,C
937,C
938,B
939,B
940,C
941,B
942,A
943,A
944,A
945,C
946,B
947,A
948,A
949,A
950,A
951,C
952,C
953,C
954,A
955,B
956,B
957,A
958,B
959,C
960,A
961,A
962,A
963,A
964,A
965,B
966,A
967,A
968,C
969,A
970,B
971,B
972,A
973,A
974,C
975,A
976,A
977,C
978,B
979,A
980,B
981,C
982,A
983,C
984,C
985,B
986,B
987,C
988,C
989,A
990,C
991,C
992,C
993,C
994,A
995,A
996,A
997,A
998,B
999,C
1000,C
1001,C
1002,C
1003,B
1004,B
1005,A
1006,C
1007,C
1008,B
1009,B
1010,C
1011,A
1012,C
1013,A
1014,C
1015,B
1016,C
1017,C
1018,A
1019,A
1020,C
1021,B
1022,A
1023,B
1024,A
1025,A
1026,C
1027,A
1028,B
1029,A
1030,A
1031,A
1032,B
1033,C
1034,A
1035,A
1036,A
1037,A
1038,C
1039,A
1040,C
1041,A
1042,B
1043,A
1044,A
1045,A
1046,C
1047,C
1048,A
1049,C
1050,B
1051,A
1052,B
1053,B
1054,B
1055,A
1056,A
1057,B
1058,B
1059,B
1060,C
1061,C
1062,A
1063,A
1064,C
1065,A
1066,C
1067,C
1068,A
1069,A
1070,C
1071,C
1072,B
1073,A
1074,C
1075,B
1076,C
1077,B
1078,C
1079,C
1080,B
1081,C
1082,A
1083,A
1084,C
1085,A
1086,C
1087,C
1088,C
1089,B
1090,A
1091,C
1092,A
1093,A
1094,B
1095,C
1096,A
1097,A
1098,A
1099,B
1100,C
1101,B
1102,C
1103,C
1104,C
1105,A
1106,C
1107,C
1108,C
1109,B
1110,B
1111,B
1112,C
1113,A
1114,A
1115,C
1116,C
1117,B
1118,C
1119,B
1120,A
1121,A
1122,A
1123,C
1124,C
1125,C
1126,B
1127,B
1128,B
1129,C
1130,B
1131,A
1132,A
1133,C
1134,C
1135,A
1136,C
1137,B
1138,B
1139,B
1140,C
1141,A
1142,C
1143,C
1144,A
1145,A
1146,A
1147,A
1148,C
1149,A
1150,C
1151,A
1152,C
1153,C
1154,C
1155,C
1156,C
1157,C
1158,B
1159,A
1160,B
1161,C
1162,C
1163,B
1164,A
1165,A
1166,B
1167,C
1168,B
1169,B
1170,B
1171,A
1172,C
1173,B
1174,A
1175,B
1176,C
1177,A
1178,C
1179,B
1180,A
1181,A
1182,A
1183,C
1184,A
1185,B
1186,C
1187,C
1188,B
1189,C
1190,C
1191,B
1192,C
1193,B
1194,C
1195,B
1196,B
1197,A
1198,C
1199,C
1200,A
1201,B
1202,C
1203,C
1204,A
1205,C
1206,C
1207,C
1208,A
1209,C
1210,B
1211,B
1212,A
1213,A
1214,B
1215,A
1216,B
1217,A
1218,A
1219,C
1220,A
1221,B
1222,A
1223,C
1224,B
1225,B
1226,A
1227,B
1228,A
1229,A
1230,A
1231,B
1232,B
1233,B
1234,A
1235,B
1236,C
1237,B
1238,B
1239,C
1240,A
1241,C
1242,B
1243,B
1244,B
1245,A
1246,A
1247,B
1248,B
1249,C
1250,C
1251,C
1252,B
1253,A
1254,C
1255,A
1256,B
1257,C
1258,C
1259,C
1260,C
1261,B
1262,A
1263,A
1264,A
1265,B
1266,C
1267,A
1268,C
1269,B
1270,B
1271,C
1272,B
1273,B
1274,B
1275,A
1276,C
1277,A
1278,A
1279,B
1280,A
1281,A
1282,B
1283,A
1284,A
1285,A
1286,C
1287,C
1288,C
1289,B
1290,B
1291,A
1292,B
1293,C
1294,C
1295,A
1296,B
1297,A
1298,A
1299,A
1300,C
1301,C
1302,A
1303,C
1304,B
1305,A
1306,B
1307,C
1308,C
1309,B
1310,C
1311,C
1312,B
1313,A
1314,A
1315,C
1316,C
1317,A
1318,B
1319,A
1320,A
1321,B
1322,C
1323,C
1324,B
1325,B
1326,B
1327,A
1328,C
1329,A
1330,B
1331,B
1332,C
1333,A
1334,A
1335,A
1336,A
1337,B
1338,B
1339,A
1340,C
1341,A
1342,B
1343,C
1344,C
1345,A
1346,B
1347,C
1348,C
1349,A
1350,A
1351,C
1352,A
1353,B
1354,C
1355,A
1356,B
1357,B
1358,C
1359,A
1360,B
1361,B
1362,B
1363,A
1364,A
1365,C
1366,B
1367,B
1368,C
1369,C
1370,A
1371,C
1372,A
1373,A
1374,B
1375,A
1376,A
1377,A
1378,A
1379,C
1380,C
1381,A
1382,B
1383,B
1384,C
1385,C
1386,C
1387,A
1388,B
1389,A
1390,C
1391,C
1392,B
1393,B
1394,C
1395,A
1396,B
1397,B
1398,B
1399,B
1400,B
1401,B
1402,C
1403,C
1404,C
1405,B
1406,A
1407,C
1408,C
1409,B
1410,A
1411,A
1412,A
1413,B
1414,B
1415,C
1416,A
1417,B
1418,A
1419,A
1420,C
1421,C
1422,B
1423,A
1424,A
1425,B
1426,C
1427,C
1428,B
1429,A
1430,A
1431,B
1432,C
1433,A
1434,C
1435,A
1436,C
1437,A
1438,B
1439,A
1440,A
1441,C
1442,C
1443,A
1444,A
1445,B
1446,B
1447,B
1448,B
1449,A
1450,A
1451,A
1452,B
1453,B
1454,B
1455,C
1456,A
1457,B
1458,C
1459,B
1460,A
1461,A
1462,C
1463,A
1464,A
1465,C
1466,B
1467,C
1468,C
1469,A
1470,C
1471,C
1472,B
1473,B
1474,A
1475,C
1476,A
1477,A
1478,A
1479,A
1480,C
1481,A
1482,C
1483,C
1484,A
1485,A
1486,C
1487,C
1488,A
1489,A
1490,C
1491,B
1492,B
1493,C
1494,C
1495,B
1496,A
1497,A
1498,B
1499,B
1500,C
1501,A
1502,C
1503,B
1504,C
1505,C
1506,A
1507,A
1508,B
1509,A
1510,B
1511,A
1512,A
1513,B
1514,B
1515,C
1516,C
1517,C
1518,A
1519,B
1520,C
1521,A
1522,B
1523,A
1524,C
1525,B
1526,C
1527,A
1528,B
1529,C
1530,A
1531,C
1532,B
1533,C
1534,B
1535,C
1536,C
1537,B
1538,C
1539,B
1540,C
1541,C
1542,A
1543,A
1544,A
1545,B
1546,C
1547,C
1548,B
1549,C
1550,B
1551,C
1552,C
1553,B
1554,A
1555,B
1556,B
1557,C
1558,C
1559,C
1560,B
1561,B
1562,C
1563,A
1564,A
1565,A
1566,A
1567,A
1568,A
1569,C
1570,B
1571,A
1572,C
1573,C
1574,B
1575,B
1576,B
1577,B
1578,A
1579,A
1580,C
1581,B
1582,C
1583,C
1584,A
1585,C
1586,C
1587,B
1588,B
1589,C
1590,B
1591,A
1592,B
1593,B
1594,C
1595,C
1596,A
1597,A
1598,C
1599,A
1600,C
1601,B
1602,C
1603,B
1604,B
1605,C
1606,A
1607,C
1608,B
1609,B
1610,B
1611,C
1612,A
1613,A
1614,C
1615,B
1616,A
1617,C
1618,A
1619,B
1620,B
1621,C
1622,B
1623,A
1624,A
1625,B
1626,A
1627,B
1628,C
1629,A
1630,B
1631,B
1632,B
1633,C
1634,C
1635,C
1636,B
1637,A
1638,C
1639,B
1640,B
1641,C
1642,C
1643,B
1644,C
1645,A
1646,B
1647,C
1648,B
1649,C
1650,B
1651,C
1652,A
1653,A
1654,A
1655,C
1656,A
1657,A
1658,B
1659,A
1660,C
1661,C
1662,A
1663,C
1664,A
1665,C
1666,A
1667,B
1668,A
1669,A
1670,A
1671,B
1672,B
1673,B
1674,B
1675,A
1676,C
1677,A
1678,B
1679,C
1680,C
1681,A
1682,C
1683,A
1684,B
1685,A
1686,B
1687,B
1688,C
1689,C
1690,B
1691,C
1692,A
1693,A
1694,A
1695,C
1696,B
1697,C
1698,C
1699,A
1700,B
1701,B
1702,A
1703,C
1704,C
1705,A
1706,C
1707,C
1708,A
1709,A
1710,C
1711,A
1712,C
1713,A
1714,B
1715,C
1716,C
1717,A
1718,A
1719,A
1720,C
1721,A
1722,C
1723,A
1724,A
1725,A
1726,B
1727,B
1728,A
1729,C
1730,A
1731,C
1732,B
1733,A
1734,C
1735,C
1736,C
1737,B
1738,C
1739,C
1740,B
1741,A
1742,C
1743,A
1744,B
1745,A
1746,C
1747,A
1748,A
1749,B
1750,C
1751,A
1752,B
1753,B
1754,B
1755,C
1756,B
1757,C
1758,A
1759,A
1760,A
1761,C
1762,B
1763,C
1764,B
1765,B
1766,B
1767,B
1768,A
1769,B
1770,A
1771,C
1772,B
1773,A
1774,B
1775,B
1776,B
1777,C
1778,C
1779,A
1780,B
1781,A
1782,C
1783,A
1784,C
1785,C
1786,C
1787,B
1788,B
1789,C
1790,B
1791,A
1792,C
1793,A
1794,B
1795,B
1796,C
1797,C
1798,B
1799,C
1800,B
1801,B
1802,B
1803,C
1804,A
1805,C
1806,A
1807,A
1808,A
1809,C
1810,B
1811,B
1812,C
1813,C
1814,B
1815,B
1816,C
1817,B
1818,C
1819,A
1820,A
1821,B
1822,A
1823,A
1824,A
1825,C
1826,B
1827,C
1828,B
1829,C
1830,A
1831,A
1832,A
1833,A
1834,C
1835,C
1836,C
1837,B
1838,A
1839,A
1840,B
1841,A
1842,B
1843,C
1844,C
1845,A
1846,C
1847,B
1848,A
1849,B
1850,A
1851,A
1852,B
1853,B
1854,A
1855,B
1856,C
1857,C
1858,C
1859,C
1860,C
1861,A
1862,C
1863,C
1864,C
1865,A
1866,C
1867,B
1868,A
1869,B
1870,C
1871,C
1872,A
1873,A
1874,C
1875,C
1876,B
1877,A
1878,C
1879,B
1880,B
1881,A
1882,C
1883,A
1884,C
1885,B
1886,B
1887,C
1888,C
1889,B
1890,C
1891,C
1892,A
1893,B
1894,A
1895,B
1896,C
1897,A
1898,A
1899,C
1900,A
1901,B
1902,C
1903,A
1904,C
1905,A
1906,A
1907,B
1908,B
1909,C
1910,C
1911,A
1912,C
1913,A
1914,C
1915,A
1916,B
1917,A
1918,C
1919,C
1920,C
1921,A
1922,C
1923,B
1924,C
1925,C
1926,A
1927,B
1928,C
1929,A
1930,B
1931,B
1932,C
1933,C
1934,C
1935,A
1936,A
1937,B
1938,C
1939,C
1940,A
1941,C
1942,A
1943,A
1944,B
1945,C
1946,B
1947,C
1948,A
1949,B
1950,C
1951,C
1952,B
1953,A
1954,C
1955,B
1956,B
1957,C
1958,C
1959,B
1960,B
1961,B
1962,C
1963,C
1964,B
1965,C
1966,C
1967,A
1968,A
1969,C
1970,B
1971,B
1972,B
1973,A
1974,B
1975,C
1976,C
1977,C
1978,C
1979,A
1980,B
1981,B
1982,A
1983,C
1984,C
1985,B
1986,A
1987,A
1988,C
1989,A
1990,B
1991,A
1992,B
1993,A
1994,A
1995,C
1996,C
1997,B
1998,C
1999,B
2000,A
2001,B
2002,C
2003,C
2004,C
2005,C
2006,B
2007,C
2008,B
2009,C
2010,C
2011,B
2012,C
2013,B
2014,C
2015,B
2016,A
2017,B
2018,A
2019,C
2020,C
2021,C
2022,B
2023,C
2024,C
2025,A
2026,B
2027,C
2028,B
2029,A
2030,C
2031,C
2032,B
2033,A
2034,B
2035,B
2036,C
2037,B
2038,C
2039,A
2040,A
2041,B
2042,B
2043,C
2044,A
2045,A
2046,B
2047,A
2048,B
2049,A
2050,A
2051,A
2052,B
2053,A
2054,B
2055,B
2056,B
2057,A
2058,C
2059,B
2060,A
2061,A
2062,C
2063,A
2064,A
2065,A
2066,C
2067,A
2068,B
2069,B
2070,A
2071,B
2072,B
2073,B
2074,C
2075,B
2076,C
2077,B
2078,C
2079,C
2080,B
2081,A
2082,A
2083,A
2084,A
2085,C
2086,A
2087,A
2088,B
2089,C
2090,B
2091,B
2092,B
2093,C
2094,A
2095,A
2096,C
2097,C
2098,B
2099,C
2100,C
2101,A
2102,C
2103,A
2104,B
2105,B
2106,B
2107,B
2108,B
2109,A
2110,B
2111,C
2112,B
2113,B
2114,C
2115,B
2116,A
2117,A
2118,C
2119,C
2120,A
2121,B
2122,C
2123,C
2124,A
2125,C
2126,A
2127,A
2128,C
2129,C
2130,C
2131,A
2132,B
2133,C
2134,A
2135,B
2136,C
2137,B
2138,B
2139,C
2140,A
2141,B
2142,B
2143,B
2144,C
2145,A
2146,C
2147,B
2148,C
2149,C
2150,B
2151,B
2152,A
2153,A
2154,A
2155,A
2156,A
2157,B
2158,C
2159,C
2160,C
2161,A
2162,C
2163,C
2164,A
2165,A
2166,C
2167,C
2168,B
2169,A
2170,C
2171,B
2172,C
2173,B
2174,C
2175,A
2176,A
2177,A
2178,B
2179,A
2180,C
2181,C
2182,B
2183,B
2184,A
2185,A
2186,B
2187,B
2188,B
2189,B
2190,C
2191,B
2192,A
2193,C
2194,B
2195,C
2196,B
2197,C
2198,A
2199,C
2200,B
2201,B
2202,C
2203,A
2204,C
2205,C
2206,A
2207,C
2208,A
2209,A
2210,B
2211,C
2212,C
2213,B
2214,C
2215,A
2216,C
2217,C
2218,B
2219,A
2220,A
2221,B
2222,A
2223,B
2224,C
2225,C
2226,C
2227,B
2228,A
2229,A
2230,C
2231,A
2232,B
2233,B
2234,C
2235,B
2236,C
2237,A
2238,B
2239,B
2240,C
2241,C
2242,C
2243,B
2244,A
2245,C
2246,B
2247,A
2248,B
2249,A
2250,B
2251,C
2252,C
2253,B
2254,C
2255,A
2256,C
2257,B
2258,B
2259,C
2260,A
2261,C
2262,C
2263,B
2264,C
2265,B
2266,C
2267,A
2268,A
2269,A
2270,C
2271,B
2272,A
2273,C
2274,A
2275,B
2276,A
2277,A
2278,C
2279,C
2280,A
2281,B
2282,A
2283,B
2284,C
2285,C
2286,A
2287,C
2288,C
2289,A
2290,A
2291,A
2292,C
2293,A
2294,C
2295,B
2296,A
2297,C
2298,A
2299,A
2300,B
2301,A
2302,C
2303,C
2304,B
2305,B
2306,C
2307,C
2308,C
2309,C
2310,A
2311,B
2312,A
2313,A
2314,B
2315,A
2316,C
2317,B
2318,B
2319,C
2320,B
2321,A
2322,B
2323,C
2324,A
2325,A
2326,A
2327,C
2328,A
2329,A
2330,A
2331,C
2332,A
2333,C
2334,B
2335,C
2336,B
2337,C
2338,C
2339,A
2340,C
2341,B
2342,C
2343,B
2344,C
2345,C
2346,A
2347,C
2348,B
2349,B
2350,C
2351,A
2352,C
2353,B
2354,A
2355,B
2356,A
2357,B
2358,A
2359,B
2360,A
2361,B
2362,C
2363,B
2364,C
2365,A
2366,A
2367,A
2368,A
2369,A
2370,B
2371,C
2372,A
2373,B
2374,A
2375,A
2376,A
2377,B
2378,C
2379,B
2380,C
2381,A
2382,C
2383,B
2384,B
2385,A
2386,B
2387,A
2388,B
2389,B
2390,C
2391,A
2392,A
2393,A
2394,A
2395,C
2396,C
2397,B
2398,A
2399,C
2400,C
2401,A
2402,A
2403,B
2404,B
2405,B
2406,A
2407,C
2408,A
2409,B
2410,C
2411,B
2412,C
2413,C
2414,C
2415,B
2416,C
2417,C
2418,C
2419,B
2420,C
2421,A
2422,B
2423,B
2424,B
2425,A
2426,A
2427,A
2428,A
2429,C
2430,A
2431,A
2432,A
2433,C
2434,B
2435,A
2436,C
2437,A
2438,B
2439,A
2440,B
2441,C
2442,A
2443,A
2444,B
2445,B
2446,A
2447,A
2448,C
2449,C
2450,A
2451,C
2452,A
2453,A
2454,C
2455,C
2456,A
2457,A
2458,C
2459,C
2460,A
2461,B
2462,B
2463,C
2464,B
2465,B
2466,A
2467,A
2468,A
2469,B
2470,A
2471,B
2472,A
2473,B
2474,C
2475,A
2476,B
2477,A
2478,B
2479,C
2480,C
2481,B
2482,B
2483,C
2484,C
2485,C
2486,B
2487,A
2488,C
2489,A
2490,C
2491,C
2492,C
2493,B
2494,B
2495,B
2496,A
2497,B
2498,C
2499,C
2500,A
2501,A
2502,C
2503,C
2504,C
2505,B
2506,C
2507,B
2508,A
2509,A
2510,A
2511,B
2512,A
2513,C
2514,B
2515,B
2516,A
2517,B
2518,A
2519,A
2520,C
2521,A
2522,C
2523,C
2524,C
2525,A
2526,C
2527,A
2528,B
2529,A
2530,B
2531,A
2532,C
2533,C
2534,B
2535,A
2536,B
2537,B
2538,C
2539,C
2540,B
2541,A
2542,C
2543,C
2544,C
2545,C
2546,B
2547,A
2548,A
2549,C
2550,A
2551,A
2552,B
2553,A
2554,C
2555,B
2556,B
2557,B
2558,B
2559,C
2560,A
2561,A
2562,A
2563,C
2564,A
2565,C
2566,C
2567,B
2568,A
2569,A
2570,B
2571,B
2572,C
2573,B
2574,A
2575,C
2576,A
2577,B
2578,A
2579,C
2580,A
2581,B
2582,C
2583,A
2584,C
2585,A
2586,B
2587,A
2588,A
2589,B
2590,B
2591,B
2592,C
2593,A
2594,B
2595,A
2596,C
2597,A
2598,B
2599,C
2600,B
2601,A
2602,A
2603,C
2604,A
2605,B
2606,B
2607,C
2608,A
2609,A
2610,B
2611,C
2612,C
2613,A
2614,C
2615,A
2616,C
2617,B
2618,C
2619,B
2620,C
2621,B
2622,C
2623,A
2624,C
2625,C
2626,C
2627,A
2628,A
2629,C
2630,B
2631,A
2632,C
2633,B
2634,C
2635,A
2636,C
2637,C
2638,A
2639,A
2640,A
2641,B
2642,B
2643,A
2644,C
2645,A
2646,C
2647,C
2648,C
2649,C
2650,C
2651,C
2652,A
2653,C
2654,A
2655,C
2656,C
2657,A
2658,B
2659,B
2660,A
2661,A
2662,B
2663,C
2664,B
2665,A
2666,B
2667,A
2668,A
2669,C
2670,C
2671,A
2672,A
2673,B
2674,A
2675,C
2676,B
2677,C
2678,B
2679,B
2680,C
2681,C
2682,B
2683,A
2684,C
2685,A
2686,A
2687,C
2688,C
2689,B
2690,C
2691,C
2692,C
2693,B
2694,C
2695,A
2696,A
2697,C
2698,C
2699,B
2700,C
2701,C
2702,B
2703,B
2704,C
2705,A
2706,C
2707,B
2708,C
2709,C
2710,A
2711,B
2712,C
2713,B
2714,A
2715,C
2716,A
2717,B
2718,C
2719,B
2720,C
2721,C
2722,A
2723,A
2724,C
2725,C
2726,C
2727,B
2728,C
2729,C
2730,B
2731,B
2732,C
2733,B
2734,C
2735,A
2736,C
2737,A
2738,A
2739,B
2740,C
2741,A
2742,A
2743,C
2744,B
2745,B
2746,B
2747,C
2748,A
2749,C
2750,B
2751,C
2752,A
2753,B
2754,C
2755,A
2756,A
2757,A
2758,A
2759,C
2760,B
2761,A
2762,A
2763,A
2764,B
2765,A
2766,C
2767,A
2768,C
2769,C
2770,C
2771,A
2772,C
2773,A
2774,C
2775,C
2776,B
2777,B
2778,C
2779,C
2780,B
2781,B
2782,B
2783,A
2784,B
2785,B
2786,C
2787,C
2788,B
2789,B
2790,A
2791,B
2792,B
2793,C
2794,B
2795,A
2796,C
2797,A
2798,B
2799,B
2800,B
2801,B
2802,A
2803,C
2804,B
2805,B
2806,C
2807,B
2808,B
2809,C
2810,A
2811,B
2812,C
2813,B
2814,B
2815,C
2816,A
2817,C
2818,A
2819,C
2820,B
2821,A
2822,C
2823,A
2824,C
2825,C
2826,C
2827,B
2828,A
2829,C
2830,C
2831,A
2832,B
2833,B
2834,C
2835,A
2836,A
2837,B
2838,C
2839,C
2840,C
2841,B
2842,B
2843,B
2844,C
2845,A
2846,C
2847,C
2848,B
2849,C
2850,B
2851,A
2852,C
2853,B
2854,A
2855,B
2856,C
2857,C
2858,B
2859,C
2860,A
2861,B
2862,A
2863,B
2864,C
2865,C
2866,A
2867,B
2868,B
2869,A
2870,A
2871,B
2872,C
2873,C
2874,B
2875,C
2876,A
2877,C
2878,C
2879,B
2880,A
2881,C
2882,C
2883,A
2884,A
2885,B
2886,B
2887,B
2888,B
2889,C
2890,B
2891,C
2892,A
2893,A
2894,B
2895,C
2896,C
2897,C
2898,A
2899,A
2900,B
2901,B
2902,B
2903,A
2904,C
2905,A
2906,A
2907,B
2908,C
2909,C
2910,A
2911,C
2912,A
2913,C
2914,B
2915,C
2916,C
2917,C
2918,C
2919,B
2920,B
2921,B
2922,B
2923,A
2924,B
2925,A
2926,C
2927,A
2928,C
2929,B
2930,C
2931,C
2932,B
2933,C
2934,B
2935,A
2936,C
2937,B
2938,A
2939,C
2940,A
2941,A
2942,C
2943,A
2944,A
2945,C
2946,A
2947,A
2948,B
2949,B
2950,B
2951,B
2952,B
2953,C
2954,C
2955,B
2956,C
2957,B
2958,C
2959,A
2960,B
2961,C
2962,C
2963,C
2964,C
2965,A
2966,B
2967,B
2968,B
2969,B
2970,A
2971,B
2972,A
2973,C
2974,B
2975,B
2976,B
2977,A
2978,C
2979,C
2980,C
2981,A
2982,A
2983,A
2984,B
2985,C
2986,A
2987,A
2988,C
2989,C
2990,A
2991,C
2992,C
2993,C
2994,B
2995,C
2996,A
2997,A
2998,B
2999,C
3000,C
3001,B
3002,C
3003,A
3004,C
3005,A
3006,C
3007,C
3008,B
3009,B
3010,A
3011,B
3012,B
3013,B
3014,B
3015,B
3016,A
3017,B
3018,A
3019,A
3020,A
3021,A
3022,A
3023,A
3024,B
3025,C
3026,B
3027,C
3028,A
3029,A
3030,A
3031,A
3032,B
3033,A
3034,A
3035,A
3036,A
3037,C
3038,C
3039,C
3040,C
3041,A
3042,C
3043,A
3044,B
3045,B
3046,A
3047,B
3048,C
3049,B
3050,A
3051,A
3052,A
3053,B
3054,A
3055,C
3056,C
3057,B
3058,A
3059,A
3060,B
3061,A
3062,B
3063,A
3064,C
3065,B
3066,A
3067,C
3068,B
3069,C
3070,A
3071,C
3072,C
3073,C
3074,A
3075,B
3076,C
3077,C
3078,A
3079,A
3080,C
3081,A
3082,A
3083,A
3084,A
3085,A
3086,B
3087,C
3088,A
3089,A
3090,C
3091,A
3092,A
3093,C
3094,A
3095,C
3096,C
3097,C
3098,A
3099,B
3100,A
3101,C
3102,C
3103,B
3104,C
3105,C
3106,A
3107,C
3108,B
3109,A
3110,C
3111,C
3112,A
3113,C
3114,A
3115,A
3116,A
3117,B
3118,B
3119,A
3120,C
3121,A
3122,B
3123,C
3124,B
3125,C
3126,A
3127,B
3128,A
3129,C
3130,B
3131,C
3132,A
3133,A
3134,A
3135,B
3136,A
3137,B
3138,B
3139,B
3140,B
3141,A
3142,B
3143,A
3144,B
3145,C
3146,B
3147,C
3148,B
3149,C
3150,A
3151,C
3152,B
3153,C
3154,B
3155,C
3156,C
3157,C
3158,C
3159,C
3160,B
3161,C
3162,C
3163,B
3164,B
3165,A
3166,B
3167,A
3168,C
3169,C
3170,C
3171,B
3172,B
3173,C
3174,B
3175,A
3176,A
3177,C
3178,B
3179,A
3180,A
3181,A
3182,B
3183,A
3184,A
3185,B
3186,B
3187,A
3188,B
3189,A
3190,B
3191,A
3192,C
3193,B
3194,B
3195,A
3196,B
3197,A
3198,B
3199,C
3200,B
3201,A
3202,B
3203,A
3204,C
3205,C
3206,A
3207,B
3208,B
3209,A
3210,B
3211,A
3212,A
3213,C
3214,C
3215,A
3216,A
3217,A
3218,C
3219,A
3220,B
3221,A
3222,A
3223,B
3224,B
3225,C
3226,A
3227,C
3228,B
3229,A
3230,A
3231,A
3232,A
3233,A
3234,C
3235,A
3236,C
3237,A
3238,C
3239,C
3240,B
3241,B
3242,B
3243,A
3244,B
3245,C
3246,A
3247,A
3248,C
3249,B
3250,C
3251,B
3252,C
3253,C
3254,B
3255,C
3256,B
3257,C
3258,C
3259,C
3260,A
3261,B
3262,B
3263,A
3264,C
3265,C
3266,B
3267,C
3268,C
3269,A
3270,A
3271,B
3272,A
3273,C
3274,A
3275,B
3276,B
3277,C
3278,C
3279,A
3280,A
3281,A
3282,A
3283,C
3284,B
3285,B
3286,A
3287,C
3288,C
3289,A
3290,A
3291,B
3292,B
3293,B
3294,A
3295,B
3296,B
3297,A
3298,A
3299,A
3300,C
3301,C
3302,C
3303,B
3304,C
3305,B
3306,C
3307,C
3308,C
3309,B
3310,C
3311,C
3312,B
3313,C
3314,B
3315,B
3316,A
3317,B
3318,B
3319,C
3320,B
3321,C
3322,A
3323,C
3324,B
3325,C
3326,A
3327,C
3328,B
3329,A
3330,C
3331,A
3332,B
3333,C
3334,B
3335,B
3336,B
3337,A
3338,A
3339,A
3340,A
3341,C
3342,A
3343,A
3344,A
3345,A
3346,A
3347,B
3348,A
3349,B
3350,B
3351,C
3352,C
3353,A
3354,B
3355,A
3356,B
3357,A
3358,B
3359,C
3360,B
3361,C
3362,C
3363,A
3364,A
3365,B
3366,B
3367,C
3368,B
3369,A
3370,C
3371,B
3372,C
3373,A
3374,B
3375,B
3376,A
3377,B
3378,B
3379,C
3380,A
3381,A
3382,A
3383,A
3384,C
3385,C
3386,A
3387,C
3388,A
3389,B
3390,C
3391,A
3392,A
3393,A
3394,C
3395,C
3396,A
3397,A
3398,B
3399,C
3400,C
3401,C
3402,C
3403,A
3404,B
3405,A
3406,A
3407,C
3408,B
3409,A
3410,A
3411,A
3412,C
3413,C
3414,A
3415,A
3416,B
3417,C
3418,C
3419,C
3420,B
3421,C
3422,B
3423,A
3424,C
3425,C
3426,B
3427,C
3428,C
3429,B
3430,C
3431,A
3432,B
3433,A
3434,A
3435,C
3436,A
3437,A
3438,C
3439,A
3440,B
3441,B
3442,A
3443,C
3444,A
3445,A
3446,B
3447,C
3448,A
3449,C
3450,B
3451,B
3452,B
3453,B
3454,B
3455,C
3456,C
3457,B
3458,B
3459,A
3460,B
3461,A
3462,C
3463,C
3464,A
3465,C
3466,B
3467,B
3468,B
3469,B
3470,A
3471,C
3472,A
3473,C
3474,A
3475,B
3476,B
3477,B
3478,C
3479,A
3480,A
3481,B
3482,C
3483,A
3484,C
3485,C
3486,A
3487,C
3488,A
3489,C
3490,B
3491,C
3492,B
3493,C
3494,C
3495,C
3496,C
3497,B
3498,C
3499,B
3500,C
3501,C
3502,B
3503,C
3504,C
3505,A
3506,B
3507,C
3508,B
3509,C
3510,C
3511,B
3512,A
3513,A
3514,C
3515,A
3516,C
3517,A
3518,B
3519,A
3520,A
3521,C
3522,B
3523,B
3524,B
3525,C
3526,A
3527,B
3528,B
3529,C
3530,C
3531,A
3532,B
3533,B
3534,C
3535,C
3536,B
3537,C
3538,A
3539,A
3540,C
3541,A
3542,A
3543,C
3544,C
3545,A
3546,C
3547,A
3548,A
3549,C
3550,C
3551,A
3552,C
3553,A
3554,C
3555,B
3556,C
3557,C
3558,A
3559,B
3560,B
3561,A
3562,A
3563,B
3564,A
3565,A
3566,B
3567,B
3568,A
3569,B
3570,B
3571,B
3572,B
3573,B
3574,C
3575,B
3576,C
3577,A
3578,C
3579,C
3580,C
3581,C
3582,B
3583,A
3584,C
3585,A
3586,C
3587,A
3588,A
3589,A
3590,C
3591,C
3592,B
3593,B
3594,B
3595,A
3596,C
3597,A
3598,B
3599,B
3600,A
3601,C
3602,A
3603,C
3604,B
3605,C
3606,C
3607,A
3608,A
3609,C
3610,A
3611,A
3612,B
3613,A
3614,A
3615,C
3616,A
3617,C
3618,A
3619,C
3620,A
3621,B
3622,B
3623,B
3624,B
3625,C
3626,C
3627,A
3628,A
3629,A
3630,A
3631,A
3632,C
3633,B
3634,A
3635,B
3636,B
3637,B
3638,A
3639,C
3640,C
3641,A
3642,B
3643,A
3644,B
3645,C
3646,B
3647,B
3648,C
3649,B
3650,A
3651,A
3652,B
3653,C
3654,B
3655,B
3656,C
3657,A
3658,B
3659,A
3660,C
3661,B
3662,B
3663,B
3664,C
3665,A
3666,C
3667,B
3668,A
3669,A
3670,A
3671,C
3672,B
3673,A
3674,B
3675,A
3676,B
3677,B
3678,A
3679,B
3680,A
3681,B
3682,B
3683,A
3684,C
3685,C
3686,B
3687,B
3688,C
3689,C
3690,B
3691,B
3692,C
3693,A
3694,B
3695,A
3696,B
3697,C
3698,A
3699,B
3700,B
3701,B
3702,B
3703,C
3704,A
3705,C
3706,A
3707,A
3708,A
3709,A
3710,B
3711,A
3712,B
3713,C
3714,A
3715,B
3716,B
3717,C
3718,A
3719,A
3720,A
3721,A
3722,A
3723,C
3724,B
3725,A
3726,A
3727,A
3728,C
3729,C
3730,B
3731,C
3732,A
3733,B
3734,C
3735,B
3736,C
3737,C
3738,B
3739,B
3740,A
3741,A
3742,B
3743,A
3744,B
3745,A
3746,B
3747,A
3748,C
3749,C
3750,B
3751,A
3752,A
3753,C
3754,C
3755,A
3756,B
3757,C
3758,C
3759,B
3760,C
3761,B
3762,B
3763,A
3764,C
3765,C
3766,B
3767,B
3768,C
3769,B
3770,B
3771,C
3772,B
3773,B
3774,B
3775,B
3776,C
3777,C
3778,B
3779,B
3780,A
3781,B
3782,B
3783,A
3784,B
3785,C
3786,B
3787,C
3788,A
3789,C
3790,C
3791,A
3792,B
3793,B
3794,C
3795,C
3796,B
3797,A
3798,C
3799,C
3800,A
3801,A
3802,A
3803,A
3804,A
3805,B
3806,C
3807,C
3808,A
3809,A
3810,C
3811,A
3812,B
3813,A
3814,B
3815,C
3816,B
3817,C
3818,C
3819,A
3820,C
3821,A
3822,C
3823,C
3824,A
3825,B
3826,A
3827,A
3828,B
3829,A
3830,B
3831,B
3832,B
3833,C
3834,A
3835,A
3836,C
3837,C
3838,A
3839,A
3840,C
3841,C
3842,B
3843,C
3844,A
3845,C
3846,C
3847,A
3848,C
3849,A
3850,A
3851,A
3852,A
3853,A
3854,B
3855,A
3856,B
3857,A
3858,C
3859,A
3860,B
3861,C
3862,C
3863,A
3864,A
3865,C
3866,B
3867,C
3868,A
3869,A
3870,A
3871,A
3872,A
3873,B
3874,C
3875,B
3876,C
3877,A
3878,A
3879,C
3880,B
3881,C
3882,C
3883,C
3884,B
3885,C
3886,B
3887,B
3888,C
3889,A
3890,C
3891,C
3892,A
3893,C
3894,B
3895,C
3896,C
3897,C
3898,C
3899,A
3900,B
3901,B
3902,B
3903,B
3904,B
3905,C
3906,C
3907,A
3908,C
3909,C
3910,B
3911,C
3912,B
3913,B
3914,A
3915,A
3916,A
3917,B
3918,C
3919,B
3920,C
3921,B
3922,C
3923,B
3924,B
3925,A
3926,A
3927,A
3928,C
3929,C
3930,A
3931,B
3932,A
3933,B
3934,A
3935,C
3936,A
3937,B
3938,B
3939,A
3940,C
3941,C
3942,A
3943,B
3944,A
3945,A
3946,B
3947,A
3948,C
3949,C
3950,B
3951,B
3952,C
3953,B
3954,C
3955,A
3956,A
3957,B
3958,B
3959,C
3960,B
3961,A
3962,B
3963,A
3964,B
3965,A
3966,C
3967,C
3968,C
3969,A
3970,C
3971,B
3972,B
3973,A
3974,A
3975,C
3976,A
3977,A
3978,A
3979,C
3980,A
3981,B
3982,B
3983,C
3984,A
3985,C
3986,B
3987,C
3988,C
3989,B
3990,A
3991,C
3992,B
3993,C
3994,A
3995,B
3996,C
3997,B
3998,C
3999,B
4000,B
4001,A
4002,A
4003,B
4004,B
4005,B
4006,A
4007,B
4008,A
4009,A
4010,C
4011,A
4012,A
4013,A
4014,A
4015,B
4016,C
4017,B
4018,C
4019,C
4020,B
4021,C
4022,A
4023,C
4024,B
4025,B
4026,B
4027,B
4028,A
4029,B
4030,C
4031,C
4032,A
4033,A
4034,C
4035,B
4036,C
4037,A
4038,B
4039,B
4040,C
4041,B
4042,C
4043,B
4044,B
4045,A
4046,B
4047,A
4048,B
4049,A
4050,C
4051,A
4052,B
4053,B
4054,B
4055,B
4056,C
4057,C
4058,A
4059,C
4060,B
4061,A
4062,A
4063,C
4064,C
4065,B
4066,A
4067,B
4068,B
4069,C
4070,B
4071,A
4072,A
4073,A
4074,A
4075,A
4076,A
4077,C
4078,C
4079,B
4080,C
4081,C
4082,A
4083,A
4084,B
4085,A
4086,B
4087,C
4088,A
4089,B
4090,A
4091,A
4092,A
4093,A
4094,C
4095,C
4096,A
4097,B
4098,B
4099,B
4100,C
4101,C
4102,A
4103,A
4104,B
4105,C
4106,B
4107,A
4108,B
4109,C
4110,A
4111,C
4112,C
4113,B
4114,C
4115,C
4116,B
4117,C
4118,C
4119,C
4120,B
4121,C
4122,A
4123,C
4124,A
4125,C
4126,A
4127,C
4128,A
4129,C
4130,A
4131,A
4132,B
4133,C
4134,A
4135,A
4136,A
4137,B
4138,A
4139,B
4140,C
4141,B
4142,B
4143,C
4144,C
4145,C
4146,B
4147,C
4148,A
4149,A
4150,A
4151,B
4152,B
4153,A
4154,B
4155,B
4156,C
4157,B
4158,C
4159,B
4160,B
4161,C
4162,C
4163,A
4164,B
4165,B
4166,A
4167,C
4168,A
4169,C
4170,B
4171,A
4172,B
4173,A
4174,B
4175,C
4176,A
4177,A
4178,B
4179,A
4180,B
4181,A
4182,A
4183,C
4184,A
4185,C
4186,B
4187,C
4188,B
4189,A
4190,A
4191,A
4192,B
4193,C
4194,A
4195,B
4196,C
4197,A
4198,A
4199,B
4200,C
4201,B
4202,C
4203,C
4204,A
4205,C
4206,A
4207,B
4208,C
4209,A
4210,C
4211,A
4212,C
4213,A
4214,A
4215,B
4216,B
4217,C
4218,C
4219,A
4220,B
4221,C
4222,C
4223,A
4224,A
4225,C
4226,B
4227,B
4228,B
4229,B
4230,C
4231,A
4232,B
4233,C
4234,B
4235,A
4236,B
4237,C
4238,A
4239,A
4240,B
4241,A
4242,B
4243,C
4244,A
4245,A
4246,A
4247,A
4248,B
4249,B
4250,A
4251,C
4252,A
4253,C
4254,A
4255,C
4256,B
4257,C
4258,B
4259,C
4260,A
4261,A
4262,B
4263,A
4264,B
4265,A
4266,B
4267,C
4268,A
4269,B
4270,A
4271,C
4272,A
4273,B
4274,A
4275,C
4276,B
4277,C
4278,C
4279,A
4280,C
4281,B
4282,C
4283,C
4284,C
4285,A
4286,A
4287,A
4288,C
4289,A
4290,A
4291,A
4292,A
4293,A
4294,A
4295,C
4296,B
4297,C
4298,A
4299,B
4300,C
4301,A
4302,C
4303,C
4304,A
4305,A
4306,A
4307,C
4308,C
4309,C
4310,C
4311,C
4312,B
4313,C
4314,A
4315,C
4316,B
4317,B
4318,A
4319,C
4320,A
4321,C
4322,A
4323,C
4324,C
4325,A
4326,C
4327,A
4328,A
4329,A
4330,A
4331,A
4332,B
4333,B
4334,A
4335,A
4336,B
4337,A
4338,B
4339,C
4340,A
4341,A
4342,C
4343,C
4344,B
4345,C
4346,C
4347,B
4348,A
4349,A
4350,A
4351,C
4352,B
4353,A
4354,B
4355,C
4356,C
4357,B
4358,B
4359,A
4360,B
4361,B
4362,B
4363,B
4364,B
4365,C
4366,A
4367,C
4368,B
4369,B
4370,A
4371,B
4372,A
4373,A
4374,A
4375,B
4376,C
4377,C
4378,A
4379,A
4380,A
4381,C
4382,A
4383,C
4384,A
4385,B
4386,C
4387,A
4388,B
4389,C
4390,A
4391,A
4392,C
4393,A
4394,C
4395,A
4396,B
4397,B
4398,C
4399,B
4400,C
4401,A
4402,A
4403,A
4404,B
4405,A
4406,C
4407,B
4408,B
4409,A
4410,B
4411,C
4412,A
4413,C
4414,A
4415,A
4416,A
4417,A
4418,C
4419,A
4420,C
4421,C
4422,A
4423,A
4424,C
4425,B
4426,C
4427,B
4428,A
4429,A
4430,B
4431,C
4432,C
4433,A
4434,C
4435,C
4436,C
4437,C
4438,A
4439,A
4440,A
4441,C
4442,B
4443,B
4444,C
4445,B
4446,B
4447,C
4448,B
4449,C
4450,A
4451,C
4452,A
4453,C
4454,A
4455,B
4456,A
4457,B
4458,B
4459,C
4460,B
4461,A
4462,A
4463,B
4464,A
4465,C
4466,A
4467,B
4468,C
4469,A
4470,A
4471,C
4472,A
4473,C
4474,B
4475,C
4476,A
4477,A
4478,A
4479,A
4480,C
4481,C
4482,B
4483,B
4484,B
4485,A
4486,B
4487,C
4488,C
4489,B
4490,B
4491,A
4492,C
4493,B
4494,A
4495,C
4496,C
4497,A
4498,B
4499,B
4500,A
4501,A
4502,B
4503,B
4504,B
4505,A
4506,A
4507,B
4508,C
4509,A
4510,A
4511,A
4512,C
4513,C
4514,B
4515,C
4516,C
4517,A
4518,C
4519,A
4520,A
4521,B
4522,C
4523,A
4524,B
4525,B
4526,B
4527,C
4528,C
4529,A
4530,C
4531,A
4532,A
4533,B
4534,A
4535,B
4536,C
4537,A
4538,A
4539,A
4540,C
4541,C
4542,C
4543,C
4544,B
4545,C
4546,B
4547,C
4548,A
4549,A
4550,A
4551,C
4552,B
4553,C
4554,C
4555,C
4556,B
4557,C
4558,C
4559,A
4560,A
4561,C
4562,C
4563,B
4564,A
4565,C
4566,B
4567,C
4568,B
4569,B
4570,B
4571,B
4572,A
4573,A
4574,A
4575,B
4576,A
4577,C
4578,C
4579,C
4580,B
4581,A
4582,C
4583,C
4584,C
4585,A
4586,B
4587,C
4588,A
4589,B
4590,A
4591,A
4592,B
4593,B
4594,A
4595,B
4596,B
4597,C
4598,B
4599,B
4600,C
4601,C
4602,C
4603,C
4604,B
4605,A
4606,A
4607,C
4608,C
4609,B
4610,B
4611,C
4612,A
4613,C
4614,B
4615,A
4616,A
4617,C
4618,B
4619,A
4620,A
4621,A
4622,A
4623,B
4624,B
4625,C
4626,C
4627,C
4628,B
4629,A
4630,A
4631,A
4632,A
4633,C
4634,B
4635,A
4636,B
4637,C
4638,B
4639,A
4640,B
4641,C
4642,A
4643,C
4644,A
4645,B
4646,A
4647,C
4648,A
4649,B
4650,A
4651,A
4652,A
4653,C
4654,C
4655,A
4656,A
4657,A
4658,C
4659,A
4660,C
4661,A
4662,A
4663,B
4664,C
4665,A
4666,B
4667,C
4668,C
4669,B
4670,A
4671,B
4672,B
4673,A
4674,B
4675,B
4676,C
4677,C
4678,B
4679,A
4680,B
4681,A
4682,B
4683,C
4684,B
4685,C
4686,A
4687,A
4688,C
4689,A
4690,B
4691,A
4692,A
4693,C
4694,A
4695,A
4696,B
4697,C
4698,A
4699,A
4700,A
4701,A
4702,C
4703,C
4704,C
4705,B
4706,C
4707,B
4708,C
4709,A
4710,C
4711,C
4712,B
4713,A
4714,A
4715,C
4716,C
4717,A
4718,B
4719,C
4720,A
4721,B
4722,C
4723,B
4724,A
4725,B
4726,A
4727,A
4728,A
4729,C
4730,C
4731,C
4732,C
4733,A
4734,B
4735,C
4736,A
4737,B
4738,B
4739,B
4740,C
4741,C
4742,B
4743,A
4744,B
4745,A
4746,C
4747,A
4748,B
4749,B
4750,A
4751,B
4752,B
4753,A
4754,B
4755,A
4756,B
4757,C
4758,A
4759,A
4760,A
4761,A
4762,A
4763,A
4764,C
4765,B
4766,C
4767,A
4768,A
4769,B
4770,C
4771,C
4772,C
4773,B
4774,A
4775,C
4776,C
4777,A
4778,A
4779,C
4780,A
4781,B
4782,A
4783,A
4784,C
4785,B
4786,C
4787,B
4788,B
4789,A
4790,B
4791,C
4792,C
4793,B
4794,B
4795,B
4796,A
4797,A
4798,B
4799,A
4800,A
4801,C
4802,A
4803,C
4804,A
4805,C
4806,C
4807,C
4808,A
4809,A
4810,B
4811,A
4812,A
4813,B
4814,C
4815,C
4816,B
4817,C
4818,C
4819,A
4820,B
4821,A
4822,C
4823,C
4824,A
4825,B
4826,A
4827,A
4828,A
4829,A
4830,C
4831,B
4832,B
4833,B
4834,A
4835,B
4836,B
4837,A
4838,C
4839,B
4840,A
4841,A
4842,C
4843,A
4844,C
4845,A
4846,B
4847,C
4848,B
4849,A
4850,B
4851,C
4852,A
4853,B
4854,B
4855,A
4856,B
4857,B
4858,A
4859,B
4860,A
4861,A
4862,B
4863,A
4864,B
4865,B
4866,C
4867,B
4868,A
4869,C
4870,B
4871,C
4872,C
4873,C
4874,C
4875,B
4876,C
4877,B
4878,B
4879,A
4880,A
4881,A
4882,B
4883,A
4884,C
4885,A
4886,A
4887,B
4888,B
4889,B
4890,B
4891,C
4892,C
4893,C
4894,A
4895,A
4896,B
4897,B
4898,C
4899,B
4900,B
4901,B
4902,A
4903,C
4904,B
4905,C
4906,C
4907,B
4908,A
4909,A
4910,B
4911,C
4912,A
4913,A
4914,A
4915,B
4916,C
4917,A
4918,A
4919,C
4920,B
4921,B
4922,C
4923,B
4924,C
4925,C
4926,C
4927,C
4928,A
4929,A
4930,C
4931,B
4932,B
4933,A
4934,C
4935,B
4936,A
4937,B
4938,B
4939,C
4940,B
4941,C
4942,A
4943,B
4944,C
4945,B
4946,B
4947,B
4948,A
4949,B
4950,C
4951,A
4952,A
4953,C
4954,C
4955,A
4956,B
4957,A
4958,B
4959,C
4960,A
4961,A
4962,C
4963,A
4964,B
4965,A
4966,C
4967,C
4968,C
4969,C
4970,A
4971,A
4972,A
4973,A
4974,C
4975,B
4976,A
4977,C
4978,C
4979,B
4980,A
4981,B
4982,A
4983,C
4984,C
4985,C
4986,A
4987,C
4988,C
4989,A
4990,C
4991,C
4992,A
4993,B
4994,A
4995,B
4996,B
4997,C
4998,A
4999,B
5000,B
5001,C
5002,A
5003,C
5004,A
5005,C
5006,C
5007,B
5008,B
5009,C
5010,B
5011,A
5012,C
5013,A
5014,C
5015,C
5016,C
5017,C
5018,C
5019,A
5020,C
5021,C
5022,C
5023,C
5024,A
5025,B
5026,A
5027,B
5028,B
5029,A
5030,C
5031,A
5032,B
5033,B
5034,A
5035,A
5036,C
5037,A
5038,A
5039,C
5040,C
5041,C
5042,A
5043,C
5044,A
5045,B
5046,A
5047,B
5048,B
5049,B
5050,B
5051,A
5052,B
5053,C
5054,A
5055,B
5056,A
5057,C
5058,C
5059,C
5060,A
5061,C
5062,C
5063,A
5064,A
5065,C
5066,B
5067,C
5068,C
5069,B
5070,A
5071,A
5072,A
5073,A
5074,A
5075,C
5076,B
5077,C
5078,C
5079,C
5080,A
5081,A
5082,A
5083,C
5084,C
5085,B
5086,B
5087,C
5088,B
5089,B
5090,C
5091,B
5092,C
5093,C
5094,A
5095,B
5096,C
5097,A
5098,C
5099,C
5100,B
5101,B
5102,C
5103,B
5104,A
5105,C
5106,A
5107,A
5108,B
5109,A
5110,C
5111,B
5112,A
5113,C
5114,A
5115,B
5116,C
5117,C
5118,B
5119,A
5120,B
5121,A
5122,B
5123,A
5124,B
5125,A
5126,C
5127,B
5128,A
5129,B
5130,A
5131,C
5132,B
5133,C
5134,C
5135,A
5136,A
5137,C
5138,C
5139,C
5140,C
5141,A
5142,A
5143,A
5144,B
5145,B
5146,C
5147,C
5148,A
5149,B
5150,B
5151,A
5152,A
5153,B
5154,C
5155,B
5156,C
5157,B
5158,B
5159,A
5160,C
5161,C
5162,A
5163,B
5164,C
5165,B
5166,C
5167,A
5168,A
5169,A
5170,A
5171,B
5172,A
5173,A
5174,B
5175,A
5176,A
5177,A
5178,A
5179,C
5180,A
5181,C
5182,C
5183,C
5184,A
5185,A
5186,A
5187,A
5188,C
5189,C
5190,C
5191,A
5192,C
5193,A
5194,B
5195,C
5196,C
5197,A
5198,B
5199,A
5200,C
5201,B
5202,A
5203,C
5204,C
5205,C
5206,A
5207,C
5208,A
5209,A
5210,C
5211,C
5212,A
5213,C
5214,A
5215,C
5216,A
5217,A
5218,A
5219,C
5220,B
5221,A
5222,B
5223,A
5224,A
5225,C
5226,A
5227,C
5228,A
5229,B
5230,A
5231,B
5232,C
5233,A
5234,A
5235,A
5236,A
5237,C
5238,C
5239,C
5240,C
5241,A
5242,B
5243,C
5244,C
5245,B
5246,A
5247,A
5248,B
5249,C
5250,C
5251,A
5252,C
5253,A
5254,B
5255,C
5256,A
5257,C
5258,A
5259,B
5260,B
5261,B
5262,A
5263,C
5264,B
5265,B
5266,A
5267,B
5268,A
5269,A
5270,C
5271,C
5272,A
5273,C
5274,A
5275,B
5276,C
5277,A
5278,B
5279,A
5280,C
5281,A
5282,A
5283,A
5284,A
5285,A
5286,B
5287,C
5288,B
5289,A
5290,C
5291,A
5292,C
5293,C
5294,A
5295,C
5296,C
5297,B
5298,A
5299,C
5300,B
5301,C
5302,C
5303,A
5304,C
5305,B
5306,C
5307,B
5308,C
5309,B
5310,A
5311,C
5312,A
5313,C
5314,C
5315,C
5316,B
5317,A
5318,C
5319,C
5320,C
5321,C
5322,A
5323,A
5324,C
5325,A
5326,A
5327,A
5328,B
5329,B
5330,B
5331,C
5332,B
5333,B
5334,C
5335,B
5336,C
5337,B
5338,C
5339,C
5340,A
5341,B
5342,C
5343,C
5344,C
5345,A
5346,C
5347,A
5348,B
5349,C
5350,A
5351,B
5352,C
5353,C
5354,A
5355,A
5356,C
5357,A
5358,A
5359,A
5360,C
5361,A
5362,C
5363,A
5364,A
5365,B
5366,B
5367,A
5368,C
5369,B
5370,A
5371,B
5372,A
5373,B
5374,B
5375,A
5376,B
5377,C
5378,C
5379,A
5380,A
5381,A
5382,B
5383,B
5384,B
5385,C
5386,A
5387,C
5388,C
5389,B
5390,C
5391,C
5392,A
5393,B
5394,A
5395,A
5396,C
5397,A
5398,B
5399,A
5400,A
5401,B
5402,A
5403,B
5404,C
5405,A
5406,A
5407,A
5408,B
5409,A
5410,C
5411,C
5412,C
5413,A
5414,B
5415,C
5416,C
5417,C
5418,A
5419,C
5420,A
5421,A
5422,C
5423,A
5424,C
5425,C
5426,B
5427,A
5428,B
5429,C
5430,B
5431,A
5432,C
5433,C
5434,A
5435,A
5436,A
5437,A
5438,C
5439,B
5440,C
5441,B
5442,A
5443,A
5444,B
5445,A
5446,B
5447,C
5448,C
5449,A
5450,A
5451,A
5452,A
5453,B
5454,A
5455,A
5456,A
5457,C
5458,B
5459,C
5460,C
5461,B
5462,C
5463,A
5464,A
5465,B
5466,C
5467,A
5468,C
5469,B
5470,C
5471,A
5472,C
5473,A
5474,B
5475,A
5476,B
5477,A
5478,C
5479,A
5480,C
5481,A
5482,A
5483,C
5484,A
5485,B
5486,B
5487,B
5488,A
5489,C
5490,C
5491,C
5492,A
5493,B
5494,A
5495,B
5496,A
5497,A
5498,B
5499,A
5500,A
5501,A
5502,B
5503,C
5504,C
5505,A
5506,A
5507,B
5508,B
5509,B
5510,C
5511,B
5512,B
5513,A
5514,B
5515,A
5516,B
5517,A
5518,A
5519,A
5520,C
5521,B
5522,C
5523,B
5524,B
5525,A
5526,B
5527,B
5528,A
5529,C
5530,C
5531,C
5532,B
5533,B
5534,B
5535,A
5536,A
5537,C
5538,C
5539,A
5540,A
5541,A
5542,C
5543,B
5544,B
5545,B
5546,C
5547,A
5548,C
5549,B
5550,A
5551,B
5552,A
5553,B
5554,C
5555,C
5556,B
5557,C
5558,C
5559,B
5560,C
5561,C
5562,B
5563,C
5564,B
5565,C
5566,B
5567,A
5568,A
5569,A
5570,C
5571,A
5572,B
5573,C
5574,A
5575,B
5576,B
5577,C
5578,A
5579,C
5580,C
5581,C
5582,C
5583,A
5584,A
5585,B
5586,A
5587,A
5588,B
5589,B
5590,A
5591,A
5592,B
5593,C
5594,B
5595,A
5596,C
5597,C
5598,B
5599,C
5600,C
5601,B
5602,C
5603,A
5604,B
5605,B
5606,C
5607,A
5608,A
5609,A
5610,A
5611,C
5612,C
5613,A
5614,C
5615,A
5616,C
5617,C
5618,B
5619,B
5620,A
5621,B
5622,B
5623,A
5624,C
5625,C
5626,B
5627,A
5628,B
5629,A
5630,C
5631,A
5632,A
5633,C
5634,C
5635,A
5636,C
5637,C
5638,B
5639,B
5640,B
5641,A
5642,C
5643,B
5644,A
5645,A
5646,A
5647,B
5648,B
5649,B
5650,A
5651,A
5652,C
5653,B
5654,A
5655,A
5656,B
5657,B
5658,A
5659,C
5660,A
5661,A
5662,B
5663,C
5664,B
5665,C
5666,A
5667,A
5668,A
5669,C
5670,B
5671,B
5672,C
5673,C
5674,A
5675,C
5676,C
5677,B
5678,C
5679,B
5680,C
5681,A
5682,B
5683,A
5684,B
5685,C
5686,C
5687,A
5688,C
5689,B
5690,C
5691,C
5692,C
5693,A
5694,C
5695,A
5696,A
5697,C
5698,B
5699,C
5700,A
5701,B
5702,C
5703,B
5704,C
5705,B
5706,B
5707,C
5708,B
5709,C
5710,A
5711,C
5712,A
5713,A
5714,A
5715,B
5716,B
5717,A
5718,A
5719,B
5720,B
5721,A
5722,C
5723,A
5724,B
5725,C
5726,C
5727,C
5728,A
5729,A
5730,A
5731,A
5732,B
5733,C
5734,A
5735,B
5736,B
5737,A
5738,A
5739,A
5740,B
5741,B
5742,B
5743,A
5744,C
5745,B
5746,C
5747,A
5748,B
5749,A
5750,C
5751,C
5752,A
5753,B
5754,A
5755,B
5756,B
5757,B
5758,A
5759,A
5760,C
5761,B
5762,C
5763,B
5764,B
5765,B
5766,C
5767,C
5768,C
5769,B
5770,C
5771,A
5772,B
5773,A
5774,C
5775,C
5776,B
5777,A
5778,B
5779,C
5780,C
5781,A
5782,A
5783,C
5784,A
5785,C
5786,A
5787,C
5788,A
5789,A
5790,C
5791,B
5792,A
5793,B
5794,B
5795,A
5796,B
5797,C
5798,B
5799,C
5800,C
5801,B
5802,B
5803,A
5804,C
5805,A
5806,C
5807,A
5808,C
5809,B
5810,B
5811,C
5812,C
5813,A
5814,A
5815,A
5816,C
5817,B
5818,A
5819,B
5820,C
5821,B
5822,C
5823,A
5824,A
5825,A
5826,B
5827,C
5828,B
5829,C
5830,B
5831,C
5832,B
5833,C
5834,B
5835,C
5836,A
5837,C
5838,B
5839,A
5840,B
5841,C
5842,A
5843,B
5844,B
5845,A
5846,A
5847,C
5848,B
5849,A
5850,C
5851,C
5852,A
5853,A
5854,C
5855,A
5856,A
5857,C
5858,A
5859,A
5860,A
5861,B
5862,A
5863,B
5864,A
5865,C
5866,A
5867,B
5868,A
5869,B
5870,B
5871,B
5872,C
5873,A
5874,B
5875,B
5876,B
5877,B
5878,C
5879,B
5880,A
5881,A
5882,B
5883,B
5884,A
5885,A
5886,C
5887,C
5888,C
5889,C
5890,C
5891,B
5892,B
5893,A
5894,B
5895,C
5896,A
5897,A
5898,C
5899,C
5900,A
5901,B
5902,B
5903,A
5904,C
5905,A
5906,B
5907,B
5908,B
5909,A
5910,C
5911,A
5912,B
5913,C
5914,C
5915,C
5916,B
5917,C
5918,C
5919,A
5920,C
5921,A
5922,A
5923,C
5924,C
5925,B
5926,A
5927,A
5928,B
5929,A
5930,A
5931,C
5932,B
5933,B
5934,C
5935,C
5936,A
5937,C
5938,C
5939,C
5940,A
5941,B
5942,A
5943,C
5944,A
5945,B
5946,B
5947,C
5948,A
5949,A
5950,B
5951,C
5952,B
5953,C
5954,B
5955,B
5956,B
5957,B
5958,B
5959,A
5960,A
5961,C
5962,C
5963,A
5964,A
5965,A
5966,C
5967,A
5968,B
5969,C
5970,C
5971,C
5972,C
5973,C
5974,C
5975,A
5976,A
5977,C
5978,C
5979,C
5980,C
5981,A
5982,C
5983,B
5984,B
5985,A
5986,B
5987,B
5988,B
5989,A
5990,C
5991,B
5992,C
5993,B
5994,A
5995,A
5996,C
5997,C
5998,A
5999,A
6000,A
6001,B
6002,A
6003,B
6004,A
6005,C
6006,A
6007,B
6008,C
6009,C
6010,A
6011,B
6012,C
6013,A
6014,B
6015,C
6016,C
6017,C
6018,B
6019,B
6020,C
6021,C
6022,C
6023,A
6024,A
6025,B
6026,B
6027,B
6028,A
6029,B
6030,C
6031,C
6032,C
6033,C
6034,A
6035,B
6036,A
6037,B
6038,B
6039,C
6040,A
6041,B
6042,A
6043,B
6044,B
6045,A
6046,A
6047,B
6048,A
6049,B
6050,C
6051,C
6052,C
6053,A
6054,A
6055,B
6056,B
6057,B
6058,B
6059,A
6060,B
6061,C
6062,B
6063,C
6064,A
6065,C
6066,A
6067,B
6068,B
6069,C
6070,A
6071,C
6072,C
6073,B
6074,A
6075,A
6076,B
6077,B
6078,C
6079,A
6080,C
6081,C
6082,B
6083,B
6084,A
6085,A
6086,B
6087,B
6088,A
6089,B
6090,A
6091,C
6092,A
6093,C
6094,A
6095,A
6096,B
6097,B
6098,A
6099,C
6100,B
6101,C
6102,A
6103,B
6104,B
6105,C
6106,C
6107,A
6108,B
6109,C
6110,B
6111,B
6112,B
6113,B
6114,C
6115,A
6116,A
6117,B
6118,C
6119,B
6120,B
6121,C
6122,A
6123,A
6124,B
6125,C
6126,B
6127,A
6128,B
6129,A
6130,B
6131,B
6132,C
6133,C
6134,B
6135,C
6136,B
6137,A
6138,B
6139,A
6140,A
6141,A
6142,C
6143,A
6144,A
6145,B
6146,B
6147,B
6148,A
6149,C
6150,B
6151,C
6152,B
6153,A
6154,B
6155,B
6156,C
6157,C
6158,C
6159,A
6160,B
6161,A
6162,B
6163,B
6164,C
6165,C
6166,C
6167,C
6168,C
6169,A
6170,C
6171,C
6172,A
6173,C
6174,A
6175,C
6176,B
6177,B
6178,A
6179,A
6180,B
6181,A
6182,C
6183,C
6184,A
6185,A
6186,C
6187,C
6188,A
6189,B
6190,A
6191,A
6192,C
6193,C
6194,B
6195,A
6196,B
6197,C
6198,C
6199,A
6200,B
6201,A
6202,C
6203,A
6204,B
6205,A
6206,C
6207,B
6208,C
6209,C
6210,C
6211,C
6212,C
6213,A
6214,C
6215,B
6216,A
6217,C
6218,A
6219,A
6220,B
6221,C
6222,C
6223,C
6224,A
6225,B
6226,B
6227,B
6228,C
6229,B
6230,A
6231,A
6232,C
6233,B
6234,A
6235,A
6236,C
6237,B
6238,C
6239,B
6240,A
6241,C
6242,A
6243,B
6244,C
6245,B
6246,C
6247,C
6248,C
6249,B
6250,A
6251,B
6252,C
6253,C
6254,B
6255,B
6256,B
6257,C
6258,C
6259,B
6260,B
6261,B
6262,C
6263,B
6264,C
6265,A
6266,B
6267,A
6268,C
6269,B
6270,C
6271,C
6272,B
6273,C
6274,C
6275,A
6276,B
6277,C
6278,B
6279,B
6280,B
6281,A
6282,B
6283,C
6284,C
6285,A
6286,C
6287,C
6288,B
6289,C
6290,B
6291,B
6292,B
6293,B
6294,A
6295,B
6296,A
6297,A
6298,C
6299,A
6300,C
6301,A
6302,C
6303,B
6304,C
6305,C
6306,B
6307,A
6308,A
6309,B
6310,C
6311,B
6312,B
6313,A
6314,B
6315,A
6316,B
6317,A
6318,A
6319,A
6320,C
6321,C
6322,A
6323,B
6324,C
6325,B
6326,A
6327,B
6328,B
6329,C
6330,B
6331,B
6332,B
6333,B
6334,B
6335,C
6336,A
6337,C
6338,C
6339,A
6340,C
6341,C
6342,B
6343,C
6344,A
6345,B
6346,C
6347,C
6348,B
6349,A
6350,C
6351,B
6352,C
6353,B
6354,C
6355,B
6356,A
6357,A
6358,A
6359,A
6360,C
6361,B
6362,A
6363,A
6364,B
6365,A
6366,A
6367,C
6368,A
6369,B
6370,B
6371,C
6372,B
6373,C
6374,C
6375,C
6376,A
6377,C
6378,C
6379,B
6380,A
6381,B
6382,B
6383,A
6384,A
6385,B
6386,B
6387,A
6388,C
6389,B
6390,A
6391,A
6392,C
6393,A
6394,C
6395,A
6396,A
6397,A
6398,A
6399,A
6400,B
6401,B
6402,B
6403,C
6404,C
6405,A
6406,B
6407,C
6408,C
6409,A
6410,C
6411,A
6412,C
6413,B
6414,B
6415,B
6416,B
6417,A
6418,B
6419,A
6420,A
6421,A
6422,A
6423,A
6424,A
6425,A
6426,C
6427,B
6428,C
6429,A
6430,B
6431,A
6432,C
6433,B
6434,B
6435,C
6436,A
6437,B
6438,C
6439,C
6440,C
6441,A
6442,A
6443,A
6444,A
6445,C
6446,B
6447,B
6448,A
6449,A
6450,A
6451,B
6452,A
6453,A
6454,A
6455,A
6456,C
6457,C
6458,B
6459,C
6460,A
6461,A
6462,C
6463,C
6464,A
6465,A
6466,C
6467,B
6468,B
6469,B
6470,C
6471,A
6472,A
6473,A
6474,B
6475,A
6476,C
6477,A
6478,A
6479,C
6480,B
6481,C
6482,A
6483,A
6484,C
6485,B
6486,A
6487,A
6488,C
6489,B
6490,A
6491,A
6492,C
6493,B
6494,B
6495,B
6496,B
6497,A
6498,B
6499,C
6500,B
6501,A
6502,C
6503,C
6504,C
6505,B
6506,C
6507,B
6508,A
6509,C
6510,B
6511,C
6512,A
6513,A
6514,B
6515,A
6516,C
6517,B
6518,A
6519,C
6520,C
6521,A
6522,C
6523,B
6524,B
6525,C
6526,C
6527,A
6528,A
6529,B
6530,C
6531,A
6532,A
6533,A
6534,A
6535,B
6536,B
6537,C
6538,C
6539,B
6540,C
6541,A
6542,C
6543,A
6544,B
6545,B
6546,B
6547,A
6548,C
6549,B
6550,C
6551,A
6552,C
6553,A
6554,C
6555,B
6556,C
6557,C
6558,A
6559,B
6560,A
6561,C
6562,A
6563,B
6564,B
6565,C
6566,B
6567,C
6568,A
6569,B
6570,C
6571,C
6572,A
6573,B
6574,A
6575,C
6576,B
6577,A
6578,A
6579,A
6580,C
6581,C
6582,B
6583,C
6584,B
6585,B
6586,A
6587,C
6588,A
6589,C
6590,A
6591,B
6592,A
6593,C
6594,A
6595,A
6596,A
6597,C
6598,B
6599,C
6600,B
6601,C
6602,B
6603,B
6604,C
6605,B
6606,B
6607,C
6608,A
6609,A
6610,B
6611,C
6612,B
6613,A
6614,B
6615,C
6616,A
6617,A
6618,C
6619,C
6620,C
6621,C
6622,A
6623,B
6624,A
6625,A
6626,B
6627,C
6628,B
6629,A
6630,C
6631,C
6632,C
6633,B
6634,B
6635,B
6636,C
6637,C
6638,A
6639,A
6640,C
6641,B
6642,A
6643,A
6644,A
6645,B
6646,C
6647,B
6648,C
6649,C
6650,C
6651,C
6652,B
6653,C
6654,C
6655,C
6656,B
6657,B
6658,C
6659,A
6660,B
6661,C
6662,C
6663,B
6664,A
6665,B
6666,A
6667,B
6668,A
6669,B
6670,A
6671,A
6672,B
6673,A
6674,C
6675,C
6676,C
6677,A
6678,A
6679,C
6680,B
6681,B
6682,C
6683,A
6684,B
6685,C
6686,C
6687,C
6688,C
6689,B
6690,C
6691,C
6692,A
6693,A
6694,B
6695,C
6696,B
6697,A
6698,A
6699,C
6700,A
6701,C
6702,A
6703,C
6704,C
6705,C
6706,C
6707,B
6708,C
6709,A
6710,C
6711,C
6712,B
6713,C
6714,C
6715,B
6716,B
6717,A
6718,C
6719,B
6720,B
6721,C
6722,B
6723,B
6724,B
6725,B
6726,B
6727,C
6728,C
6729,C
6730,A
6731,B
6732,B
6733,C
6734,A
6735,A
6736,C
6737,A
6738,B
6739,A
6740,B
6741,C
6742,C
6743,B
6744,A
6745,B
6746,B
6747,A
6748,B
6749,B
6750,C
6751,C
6752,A
6753,C
6754,A
6755,C
6756,B
6757,B
6758,B
6759,B
6760,B
6761,A
6762,C
6763,B
6764,C
6765,C
6766,A
6767,A
6768,B
6769,A
6770,B
6771,A
6772,B
6773,C
6774,A
6775,A
6776,A
6777,A
6778,C
6779,B
6780,B
6781,C
6782,A
6783,B
6784,B
6785,A
6786,A
6787,C
6788,B
6789,B
6790,A
6791,C
6792,A
6793,B
6794,B
6795,B
6796,C
6797,A
6798,A
6799,A
6800,B
6801,B
6802,C
6803,C
6804,B
6805,A
6806,B
6807,A
6808,B
6809,A
6810,B
6811,C
6812,A
6813,A
6814,B
6815,A
6816,C
6817,B
6818,A
6819,C
6820,A
6821,C
6822,A
6823,A
6824,C
6825,A
6826,C
6827,B
6828,B
6829,C
6830,B
6831,C
6832,A
6833,C
6834,C
6835,B
6836,A
6837,C
6838,A
6839,B
6840,C
6841,A
6842,C
6843,B
6844,C
6845,A
6846,A
6847,C
6848,C
6849,C
6850,C
6851,C
6852,B
6853,C
6854,C
6855,A
6856,A
6857,C
6858,A
6859,C
6860,A
6861,B
6862,C
6863,A
6864,B
6865,C
6866,A
6867,A
6868,C
6869,C
6870,C
6871,C
6872,A
6873,A
6874,A
6875,C
6876,B
6877,C
6878,C
6879,B
6880,A
6881,B
6882,C
6883,A
6884,A
6885,A
6886,C
6887,B
6888,A
6889,A
6890,B
6891,A
6892,C
6893,A
6894,A
6895,B
6896,A
6897,A
6898,B
6899,C
6900,A
6901,A
6902,B
6903,A
6904,B
6905,B
6906,B
6907,B
6908,B
6909,A
6910,A
6911,A
6912,C
6913,C
6914,A
6915,A
6916,C
6917,C
6918,A
6919,A
6920,C
6921,B
6922,C
6923,C
6924,B
6925,B
6926,A
6927,C
6928,A
6929,A
6930,B
6931,A
6932,C
6933,B
6934,B
6935,B
6936,B
6937,A
6938,A
6939,C
6940,A
6941,B
6942,A
6943,C
6944,C
6945,C
6946,C
6947,B
6948,A
6949,A
6950,C
6951,C
6952,A
6953,A
6954,C
6955,B
6956,A
6957,B
6958,C
6959,B
6960,C
6961,C
6962,C
6963,B
6964,B
6965,C
6966,C
6967,A
6968,B
6969,A
6970,B
6971,A
6972,B
6973,C
6974,B
6975,C
6976,B
6977,A
6978,B
6979,C
6980,C
6981,A
6982,B
6983,B
6984,B
6985,A
6986,A
6987,C
6988,B
6989,A
6990,B
6991,A
6992,B
6993,B
6994,A
6995,A
6996,A
6997,C
6998,C
6999,B
7000,B
7001,C
7002,B
7003,B
7004,B
7005,C
7006,C
7007,B
7008,A
7009,B
7010,C
7011,A
7012,C
7013,B
7014,B
7015,B
7016,C
7017,C
7018,C
7019,A
7020,C
7021,B
7022,C
7023,C
7024,C
7025,C
7026,C
7027,C
7028,B
7029,A
7030,C
7031,B
7032,A
7033,A
7034,C
7035,B
7036,C
7037,A
7038,A
7039,B
7040,A
7041,B
7042,B
7043,C
7044,A
7045,A
7046,A
7047,C
7048,C
7049,B
7050,A
7051,A
7052,C
7053,B
7054,A
7055,A
7056,A
7057,A
7058,A
7059,B
7060,B
7061,A
7062,C
7063,A
7064,B
7065,C
7066,C
7067,A
7068,C
7069,B
7070,B
7071,B
7072,C
7073,C
7074,A
7075,C
7076,B
7077,C
7078,C
7079,A
7080,A
7081,A
7082,A
7083,B
7084,C
7085,C
7086,A
7087,A
7088,A
7089,C
7090,B
7091,C
7092,C
7093,A
7094,A
7095,A
7096,A
7097,B
7098,C
7099,B
7100,C
7101,A
7102,A
7103,A
7104,B
7105,C
7106,C
7107,B
7108,C
7109,C
7110,C
7111,C
7112,B
7113,B
7114,B
7115,C
7116,C
7117,C
7118,A
7119,B
7120,C
7121,A
7122,A
7123,B
7124,B
7125,C
7126,A
7127,B
7128,B
7129,B
7130,A
7131,C
7132,B
7133,C
7134,A
7135,B
7136,A
7137,B
7138,B
7139,B
7140,B
7141,C
7142,A
7143,C
7144,A
7145,C
7146,A
7147,B
7148,C
7149,C
7150,C
7151,C
7152,A
7153,C
7154,B
7155,B
7156,C
7157,A
7158,C
7159,C
7160,B
7161,C
7162,A
7163,A
7164,C
7165,A
7166,B
7167,B
7168,C
7169,A
7170,B
7171,C
7172,A
7173,B
7174,A
7175,B
7176,A
7177,C
7178,C
7179,B
7180,C
7181,A
7182,C
7183,B
7184,A
7185,A
7186,A
7187,B
7188,B
7189,A
7190,A
7191,B
7192,A
7193,C
7194,B
7195,A
7196,A
7197,C
7198,B
7199,C
7200,C
7201,C
7202,A
7203,A
7204,A
7205,A
7206,C
7207,A
7208,A
7209,B
7210,C
7211,C
7212,C
7213,C
7214,A
7215,C
7216,A
7217,B
7218,C
7219,C
7220,C
7221,B
7222,C
7223,B
7224,C
7225,B
7226,A
7227,C
7228,A
7229,C
7230,C
7231,A
7232,A
7233,B
7234,C
7235,A
7236,A
7237,C
7238,A
7239,A
7240,A
7241,A
7242,C
7243,B
7244,B
7245,A
7246,A
7247,B
7248,B
7249,B
7250,C
7251,B
7252,A
7253,B
7254,B
7255,C
7256,A
7257,B
7258,A
7259,A
7260,C
7261,B
7262,C
7263,A
7264,C
7265,C
7266,C
7267,B
7268,C
7269,C
7270,B
7271,C
7272,B
7273,C
7274,A
7275,B
7276,A
7277,B
7278,C
7279,C
7280,B
7281,C
7282,A
7283,C
7284,A
7285,A
7286,B
7287,B
7288,C
7289,A
7290,B
7291,B
7292,B
7293,C
7294,C
7295,A
7296,A
7297,A
7298,B
7299,A
7300,A
7301,B
7302,B
7303,B
7304,A
7305,C
7306,C
7307,B
7308,C
7309,B
7310,A
7311,A
7312,B
7313,B
7314,C
7315,C
7316,A
7317,A
7318,A
7319,C
7320,C
7321,A
7322,A
7323,A
7324,B
7325,A
7326,B
7327,C
7328,A
7329,B
7330,A
7331,B
7332,A
7333,C
7334,B
7335,B
7336,A
7337,B
7338,B
7339,C
7340,A
7341,B
7342,B
7343,C
7344,C
7345,A
7346,B
7347,C
7348,A
7349,B
7350,C
7351,A
7352,C
7353,B
7354,A
7355,B
7356,C
7357,A
7358,A
7359,B
7360,B
7361,C
7362,C
7363,B
7364,C
7365,C
7366,A
7367,B
7368,B
7369,B
7370,B
7371,B
7372,C
7373,A
7374,C
7375,A
7376,B
7377,B
7378,B
7379,C
7380,B
7381,B
7382,B
7383,A
7384,B
7385,A
7386,B
7387,B
7388,C
7389,C
7390,A
7391,A
7392,A
7393,C
7394,A
7395,A
7396,A
7397,C
7398,C
7399,A
7400,C
7401,C
7402,B
7403,B
7404,A
7405,A
7406,A
7407,A
7408,C
7409,A
7410,A
7411,B
7412,A
7413,C
7414,A
7415,C
7416,B
7417,C
7418,C
7419,C
7420,C
7421,A
7422,C
7423,B
7424,C
7425,B
7426,A
7427,C
7428,C
7429,B
7430,C
7431,C
7432,B
7433,B
7434,C
7435,A
7436,B
7437,A
7438,C
7439,A
7440,B
7441,C
7442,C
7443,A
7444,C
7445,C
7446,C
7447,B
7448,C
7449,C
7450,A
7451,B
7452,A
7453,C
7454,B
7455,C
7456,C
7457,A
7458,B
7459,A
7460,B
7461,C
7462,B
7463,A
7464,A
7465,B
7466,C
7467,C
7468,B
7469,B
7470,B
7471,A
7472,C
7473,C
7474,C
7475,A
7476,B
7477,B
7478,A
7479,B
7480,B
7481,C
7482,B
7483,C
7484,B
7485,B
7486,C
7487,A
7488,C
7489,B
7490,A
7491,B
7492,A
7493,C
7494,B
7495,B
7496,A
7497,A
7498,B
7499,C
7500,C
7501,A
7502,A
7503,B
7504,C
7505,C
7506,B
7507,A
7508,A
7509,B
7510,B
7511,C
7512,A
7513,B
7514,C
7515,A
7516,C
7517,B
7518,B
7519,B
7520,A
7521,A
7522,C
7523,A
7524,C
7525,C
7526,B
7527,C
7528,A
7529,B
7530,A
7531,A
7532,C
7533,A
7534,B
7535,C
7536,C
7537,B
7538,C
7539,A
7540,C
7541,A
7542,C
7543,C
7544,C
7545,C
7546,C
7547,B
7548,B
7549,C
7550,C
7551,B
7552,A
7553,B
7554,B
7555,A
7556,B
7557,C
7558,A
7559,C
7560,A
7561,A
7562,C
7563,B
7564,B
7565,B
7566,B
7567,C
7568,A
7569,A
7570,B
7571,A
7572,C
7573,C
7574,B
7575,B
7576,A
7577,B
7578,A
7579,B
7580,C
7581,C
7582,B
7583,C
7584,B
7585,C
7586,A
7587,B
7588,C
7589,A
7590,A
7591,B
7592,C
7593,B
7594,A
7595,B
7596,A
7597,B
7598,B
7599,A
7600,B
7601,C
7602,C
7603,A
7604,B
7605,C
7606,C
7607,B
7608,C
7609,A
7610,B
7611,A
7612,A
7613,A
7614,C
7615,A
7616,C
7617,C
7618,B
7619,C
7620,C
7621,C
7622,A
7623,B
7624,A
7625,A
7626,A
7627,C
7628,B
7629,C
7630,A
7631,B
7632,B
7633,A
7634,C
7635,C
7636,A
7637,B
7638,A
7639,A
7640,B
7641,C
7642,A
7643,B
7644,C
7645,B
7646,C
7647,A
7648,B
7649,B
7650,C
7651,C
7652,A
7653,C
7654,B
7655,A
7656,C
7657,B
7658,A
7659,B
7660,C
7661,A
7662,A
7663,A
7664,C
7665,C
7666,A
7667,C
7668,C
7669,A
7670,B
7671,C
7672,A
7673,B
7674,B
7675,A
7676,C
7677,A
7678,C
7679,B
7680,C
7681,A
7682,C
7683,B
7684,B
7685,C
7686,C
7687,C
7688,B
7689,C
7690,C
7691,C
7692,A
7693,A
7694,C
7695,B
7696,B
7697,A
7698,C
7699,A
7700,B
7701,A
7702,C
7703,B
7704,C
7705,C
7706,C
7707,B
7708,A
7709,C
7710,A
7711,C
7712,B
7713,C
7714,B
7715,B
7716,B
7717,C
7718,A
7719,C
7720,C
7721,A
7722,C
7723,A
7724,B
7725,B
7726,C
7727,C
7728,A
7729,B
7730,C
7731,C
7732,C
7733,A
7734,B
7735,B
7736,A
7737,A
7738,A
7739,C
7740,A
7741,A
7742,B
7743,B
7744,B
7745,A
7746,A
7747,B
7748,A
7749,B
7750,C
7751,C
7752,B
7753,A
7754,A
7755,B
7756,A
7757,A
7758,A
7759,C
7760,C
7761,A
7762,B
7763,A
7764,C
7765,A
7766,B
7767,A
7768,B
7769,C
7770,C
7771,C
7772,B
7773,A
7774,A
7775,C
7776,A
7777,C
7778,C
7779,C
7780,B
7781,C
7782,B
7783,C
7784,A
7785,B
7786,A
7787,B
7788,A
7789,A
7790,C
7791,B
7792,A
7793,C
7794,B
7795,A
7796,B
7797,A
7798,B
7799,C
7800,C
7801,A
7802,A
7803,B
7804,B
7805,C
7806,C
7807,A
7808,C
7809,A
7810,C
7811,A
7812,B
7813,A
7814,B
7815,A
7816,A
7817,A
7818,B
7819,C
7820,B
7821,B
7822,C
7823,C
7824,B
7825,C
7826,C
7827,B
7828,C
7829,C
7830,A
7831,C
7832,A
7833,B
7834,C
7835,A
7836,B
7837,B
7838,A
7839,A
7840,A
7841,A
7842,B
7843,A
7844,B
7845,A
7846,B
7847,C
7848,C
7849,B
7850,B
7851,C
7852,C
7853,B
7854,B
7855,B
7856,C
7857,C
7858,A
7859,C
7860,B
7861,A
7862,A
7863,A
7864,B
7865,B
7866,B
7867,A
7868,C
7869,A
7870,C
7871,A
7872,C
7873,C
7874,A
7875,A
7876,A
7877,B
7878,C
7879,B
7880,A
7881,C
7882,A
7883,A
7884,C
7885,B
7886,C
7887,C
7888,C
7889,B
7890,A
7891,B
7892,A
7893,B
7894,A
7895,C
7896,B
7897,B
7898,C
7899,C
7900,B
7901,A
7902,B
7903,A
7904,C
7905,B
7906,C
7907,C
7908,C
7909,A
7910,A
7911,A
7912,C
7913,A
7914,B
7915,B
7916,C
7917,C
7918,C
7919,B
7920,A
7921,C
7922,B
7923,A
7924,C
7925,A
7926,B
7927,A
7928,A
7929,B
7930,C
7931,B
7932,A
7933,C
7934,C
7935,B
7936,C
7937,A
7938,A
7939,B
7940,A
7941,A
7942,A
7943,A
7944,A
7945,B
7946,C
7947,C
7948,B
7949,B
7950,A
7951,A
7952,B
7953,A
7954,C
7955,A
7956,C
7957,C
7958,A
7959,A
7960,C
7961,C
7962,C
7963,C
7964,A
7965,C
7966,B
7967,A
7968,A
7969,B
7970,C
7971,A
7972,C
7973,C
7974,A
7975,B
7976,C
7977,B
7978,C
7979,A
7980,C
7981,C
7982,C
7983,C
7984,C
7985,B
7986,C
7987,A
7988,A
7989,B
7990,A
7991,B
7992,A
7993,A
7994,A
7995,B
7996,A
7997,C
7998,A
7999,A
8000,A
8001,A
8002,A
8003,B
8004,A
8005,C
8006,C
8007,B
8008,B
8009,A
8010,A
8011,C
8012,C
8013,C
8014,C
8015,C
8016,A
8017,C
8018,A
8019,C
8020,C
8021,C
8022,C
8023,A
8024,B
8025,C
8026,B
8027,C
8028,A
8029,B
8030,B
8031,B
8032,A
8033,A
8034,C
8035,C
8036,B
8037,A
8038,C
8039,A
8040,A
8041,A
8042,C
8043,B
8044,B
8045,C
8046,B
8047,A
8048,A
8049,C
8050,B
8051,B
8052,A
8053,C
8054,A
8055,B
8056,A
8057,A
8058,A
8059,A
8060,B
8061,A
8062,A
8063,B
8064,A
8065,C
8066,B
8067,C
8068,A
8069,A
8070,B
8071,A
8072,C
8073,C
8074,A
8075,A
8076,C
8077,B
8078,B
8079,C
8080,C
8081,A
8082,A
8083,C
8084,C
8085,B
8086,C
8087,B
8088,C
8089,B
8090,C
8091,C
8092,A
8093,B
8094,B
8095,C
8096,C
8097,B
8098,C
8099,C
8100,B
8101,B
8102,C
8103,A
8104,B
8105,B
8106,A
8107,A
8108,B
8109,C
8110,A
8111,A
8112,B
8113,A
8114,B
8115,A
8116,A
8117,C
8118,A
8119,B
8120,B
8121,A
8122,C
8123,C
8124,B
8125,B
8126,A
8127,C
8128,A
8129,B
8130,B
8131,B
8132,A
8133,C
8134,B
8135,A
8136,B
8137,C
8138,B
8139,A
8140,A
8141,C
8142,B
8143,A
8144,A
8145,A
8146,C
8147,B
8148,C
8149,B
8150,A
8151,B
8152,A
8153,C
8154,B
8155,C
8156,B
8157,B
8158,C
8159,B
8160,C
8161,B
8162,C
8163,A
8164,A
8165,B
8166,C
8167,B
8168,B
8169,B
8170,B
8171,B
8172,A
8173,C
8174,B
8175,A
8176,C
8177,B
8178,C
8179,A
8180,A
8181,B
8182,B
8183,A
8184,A
8185,A
8186,A
8187,A
8188,B
8189,C
8190,A
8191,C
8192,B
8193,C
8194,A
8195,A
8196,C
8197,A
8198,B
8199,A
8200,C
8201,C
8202,B
8203,C
8204,C
8205,A
8206,B
8207,B
8208,B
8209,B
8210,A
8211,B
8212,B
8213,C
8214,A
8215,A
8216,A
8217,C
8218,B
8219,C
8220,C
8221,A
8222,B
8223,C
8224,A
8225,C
8226,A
8227,C
8228,A
8229,B
8230,C
8231,C
8232,A
8233,A
8234,C
8235,B
8236,C
8237,C
8238,C
8239,B
8240,C
8241,B
8242,A
8243,A
8244,B
8245,C
8246,A
8247,A
8248,C
8249,C
8250,B
8251,C
8252,A
8253,A
8254,C
8255,C
8256,C
8257,B
8258,B
8259,B
8260,A
8261,C
8262,A
8263,C
8264,C
8265,C
8266,C
8267,C
8268,A
8269,C
8270,C
8271,A
8272,C
8273,A
8274,A
8275,C
8276,B
8277,C
8278,B
8279,C
8280,A
8281,B
8282,A
8283,A
8284,B
8285,B
8286,A
8287,C
8288,C
8289,B
8290,C
8291,C
8292,A
8293,A
8294,B
8295,C
8296,C
8297,B
8298,A
8299,B
8300,C
8301,C
8302,B
8303,A
8304,A
8305,A
8306,A
8307,C
8308,B
8309,C
8310,A
8311,A
8312,B
8313,C
8314,C
8315,A
8316,C
8317,B
8318,A
8319,B
8320,A
8321,A
8322,C
8323,C
8324,C
8325,C
8326,A
8327,A
8328,A
8329,B
8330,C
8331,A
8332,C
8333,C
8334,B
8335,C
8336,B
8337,C
8338,B
8339,C
8340,B
8341,C
8342,A
8343,B
8344,C
8345,C
8346,A
8347,A
8348,A
8349,C
8350,B
8351,A
8352,B
8353,C
8354,B
8355,A
8356,B
8357,B
8358,B
8359,A
8360,A
8361,C
8362,C
8363,C
8364,A
8365,B
8366,C
8367,C
8368,A
8369,A
8370,C
8371,B
8372,A
8373,B
8374,A
8375,C
8376,B
8377,C
8378,A
8379,B
8380,C
8381,C
8382,C
8383,C
8384,A
8385,B
8386,C
8387,A
8388,A
8389,B
8390,B
8391,A
8392,C
8393,A
8394,C
8395,B
8396,A
8397,A
8398,A
8399,A
8400,C
8401,C
8402,A
8403,B
8404,A
8405,A
8406,B
8407,C
8408,A
8409,B
8410,A
8411,A
8412,C
8413,A
8414,B
8415,C
8416,A
8417,C
8418,A
8419,B
8420,B
8421,B
8422,C
8423,A
8424,B
8425,A
8426,A
8427,A
8428,A
8429,C
8430,C
8431,B
8432,C
8433,B
8434,C
8435,A
8436,A
8437,A
8438,A
8439,A
8440,A
8441,B
8442,A
8443,A
8444,A
8445,B
8446,C
8447,B
8448,B
8449,A
8450,A
8451,B
8452,B
8453,A
8454,C
8455,B
8456,C
8457,C
8458,B
8459,C
8460,C
8461,C
8462,A
8463,B
8464,C
8465,A
8466,A
8467,B
8468,B
8469,A
8470,C
8471,C
8472,A
8473,C
8474,A
8475,B
8476,A
8477,C
8478,B
8479,A
8480,C
8481,A
8482,C
8483,C
8484,B
8485,C
8486,A
8487,B
8488,B
8489,B
8490,B
8491,A
8492,A
8493,C
8494,B
8495,C
8496,B
8497,A
8498,A
8499,A
8500,B
8501,A
8502,B
8503,A
8504,A
8505,A
8506,C
8507,A
8508,B
8509,C
8510,C
8511,A
8512,C
8513,C
8514,B
8515,B
8516,C
8517,A
8518,B
8519,B
8520,C
8521,B
8522,C
8523,C
8524,A
8525,A
8526,C
8527,C
8528,A
8529,A
8530,C
8531,B
8532,C
8533,B
8534,B
8535,C
8536,C
8537,C
8538,C
8539,B
8540,A
8541,B
8542,B
8543,C
8544,B
8545,B
8546,C
8547,B
8548,A
8549,C
8550,A
8551,B
8552,A
8553,A
8554,B
8555,C
8556,B
8557,B
8558,A
8559,B
8560,B
8561,C
8562,B
8563,C
8564,B
8565,B
8566,B
8567,C
8568,C
8569,A
8570,A
8571,C
8572,B
8573,C
8574,C
8575,B
8576,C
8577,B
8578,C
8579,C
8580,B
8581,C
8582,A
8583,B
8584,C
8585,C
8586,A
8587,C
8588,B
8589,B
8590,C
8591,A
8592,C
8593,B
8594,A
8595,C
8596,B
8597,A
8598,B
8599,B
8600,A
8601,C
8602,A
8603,C
8604,B
8605,C
8606,A
8607,A
8608,A
8609,B
8610,A
8611,C
8612,A
8613,A
8614,A
8615,C
8616,C
8617,C
8618,C
8619,B
8620,B
8621,B
8622,C
8623,B
8624,A
8625,A
8626,B
8627,C
8628,C
8629,A
8630,C
8631,C
8632,A
8633,A
8634,A
8635,A
8636,C
8637,C
8638,C
8639,B
8640,C
8641,B
8642,C
8643,C
8644,C
8645,A
8646,A
8647,A
8648,C
8649,A
8650,A
8651,A
8652,A
8653,B
8654,B
8655,C
8656,C
8657,C
8658,A
8659,B
8660,C
8661,A
8662,A
8663,B
8664,B
8665,B
8666,B
8667,B
8668,C
8669,B
8670,A
8671,A
8672,B
8673,A
8674,C
8675,A
8676,C
8677,A
8678,A
8679,B
8680,C
8681,A
8682,B
8683,B
8684,C
8685,B
8686,A
8687,C
8688,A
8689,B
8690,B
8691,A
8692,C
8693,A
8694,A
8695,A
8696,C
8697,C
8698,B
8699,A
8700,A
8701,C
8702,C
8703,C
8704,A
8705,A
8706,A
8707,B
8708,C
8709,A
8710,C
8711,C
8712,C
8713,B
8714,B
8715,A
8716,B
8717,B
8718,A
8719,B
8720,C
8721,B
8722,C
8723,A
8724,A
8725,B
8726,C
8727,B
8728,A
8729,B
8730,C
8731,A
8732,B
8733,C
8734,A
8735,B
8736,C
8737,A
8738,C
8739,B
8740,B
8741,C
8742,C
8743,A
8744,C
8745,C
8746,B
8747,C
8748,C
8749,C
8750,C
8751,B
8752,C
8753,A
8754,C
8755,A
8756,C
8757,C
8758,B
8759,B
8760,A
8761,C
8762,B
8763,A
8764,C
8765,A
8766,A
8767,B
8768,A
8769,B
8770,A
8771,C
8772,C
8773,B
8774,C
8775,A
8776,A
8777,C
8778,A
8779,C
8780,C
8781,C
8782,B
8783,B
8784,B
8785,B
8786,A
8787,B
8788,A
8789,C
8790,C
8791,A
8792,A
8793,B
8794,B
8795,B
8796,C
8797,A
8798,B
8799,B
8800,C
8801,A
8802,B
8803,A
8804,B
8805,B
8806,B
8807,A
8808,C
8809,A
8810,C
8811,C
8812,A
8813,B
8814,A
8815,A
8816,C
8817,C
8818,C
8819,A
8820,B
8821,A
8822,B
8823,B
8824,A
8825,B
8826,A
8827,A
8828,A
8829,B
8830,A
8831,B
8832,B
8833,B
8834,A
8835,C
8836,B
8837,A
8838,C
8839,A
8840,C
8841,B
8842,C
8843,A
8844,C
8845,C
8846,B
8847,B
8848,C
8849,B
8850,A
8851,B
8852,A
8853,C
8854,A
8855,A
8856,C
8857,B
8858,A
8859,C
8860,A
8861,A
8862,A
8863,B
8864,C
8865,C
8866,C
8867,B
8868,B
8869,A
8870,B
8871,A
8872,B
8873,A
8874,B
8875,A
8876,A
8877,C
8878,C
8879,C
8880,A
8881,B
8882,A
8883,C
8884,C
8885,C
8886,B
8887,B
8888,B
8889,A
8890,B
8891,C
8892,A
8893,B
8894,A
8895,C
8896,B
8897,C
8898,B
8899,B
8900,C
8901,C
8902,B
8903,C
8904,A
8905,C
8906,A
8907,A
8908,C
8909,B
8910,C
8911,B
8912,A
8913,B
8914,B
8915,A
8916,C
8917,A
8918,C
8919,A
8920,C
8921,A
8922,C
8923,C
8924,C
8925,A
8926,B
8927,A
8928,B
8929,C
8930,B
8931,A
8932,C
8933,A
8934,C
8935,B
8936,C
8937,A
8938,A
8939,A
8940,A
8941,C
8942,A
8943,B
8944,C
8945,B
8946,B
8947,A
8948,A
8949,A
8950,C
8951,C
8952,B
8953,A
8954,A
8955,B
8956,B
8957,C
8958,C
8959,B
8960,A
8961,A
8962,C
8963,B
8964,B
8965,C
8966,B
8967,A
8968,C
8969,A
8970,A
8971,C
8972,A
8973,A
8974,B
8975,C
8976,B
8977,C
8978,A
8979,A
8980,C
8981,C
8982,B
8983,C
8984,B
8985,B
8986,C
8987,B
8988,B
8989,B
8990,C
8991,C
8992,A
8993,C
8994,B
8995,C
8996,B
8997,C
8998,A
8999,A
9000,A
9001,A
9002,C
9003,C
9004,A
9005,B
9006,B
9007,B
9008,B
9009,C
9010,A
9011,C
9012,B
9013,B
9014,C
9015,A
9016,B
9017,C
9018,C
9019,A
9020,C
9021,B
9022,B
9023,B
9024,A
9025,A
9026,C
9027,A
9028,C
9029,A
9030,B
9031,C
9032,B
9033,A
9034,A
9035,C
9036,A
9037,A
9038,B
9039,C
9040,A
9041,C
9042,C
9043,A
9044,A
9045,A
9046,B
9047,B
9048,A
9049,C
9050,C
9051,C
9052,A
9053,C
9054,B
9055,A
9056,A
9057,B
9058,A
9059,C
9060,A
9061,C
9062,A
9063,C
9064,A
9065,A
9066,A
9067,A
9068,C
9069,B
9070,C
9071,B
9072,B
9073,A
9074,A
9075,C
9076,C
9077,C
9078,B
9079,A
9080,C
9081,C
9082,B
9083,C
9084,A
9085,C
9086,A
9087,A
9088,B
9089,A
9090,A
9091,C
9092,A
9093,B
9094,A
9095,A
9096,C
9097,A
9098,B
9099,C
9100,C
9101,B
9102,A
9103,B
9104,B
9105,A
9106,A
9107,C
9108,B
9109,A
9110,A
9111,C
9112,A
9113,B
9114,B
9115,C
9116,B
9117,C
9118,A
9119,C
9120,C
9121,C
9122,A
9123,B
9124,C
9125,A
9126,C
9127,A
9128,C
9129,C
9130,B
9131,A
9132,B
9133,C
9134,A
9135,B
9136,C
9137,A
9138,A
9139,A
9140,A
9141,A
9142,B
9143,C
9144,B
9145,A
9146,B
9147,C
9148,A
9149,C
9150,C
9151,C
9152,A
9153,A
9154,C
9155,B
9156,B
9157,B
9158,C
9159,B
9160,C
9161,C
9162,C
9163,B
9164,C
9165,A
9166,B
9167,A
9168,C
9169,B
9170,C
9171,C
9172,B
9173,A
9174,B
9175,A
9176,C
9177,A
9178,B
9179,C
9180,A
9181,B
9182,B
9183,A
9184,C
9185,C
9186,A
9187,B
9188,A
9189,A
9190,B
9191,A
9192,C
9193,A
9194,A
9195,C
9196,A
9197,C
9198,B
9199,B
9200,B
9201,B
9202,B
9203,C
9204,B
9205,B
9206,A
9207,A
9208,C
9209,C
9210,A
9211,B
9212,C
9213,A
9214,C
9215,A
9216,C
9217,C
9218,B
9219,C
9220,A
9221,C
9222,A
9223,C
9224,A
9225,A
9226,B
9227,C
9228,C
9229,C
9230,C
9231,B
9232,B
9233,C
9234,B
9235,B
9236,C
9237,B
9238,A
9239,C
9240,A
9241,C
9242,A
9243,C
9244,B
9245,C
9246,C
9247,C
9248,A
9249,A
9250,A
9251,B
9252,C
9253,A
9254,A
9255,C
9256,A
9257,A
9258,A
9259,B
9260,A
9261,B
9262,C
9263,B
9264,C
9265,A
9266,A
9267,B
9268,B
9269,B
9270,C
9271,C
9272,B
9273,C
9274,A
9275,B
9276,B
9277,B
9278,A
9279,C
9280,B
9281,B
9282,B
9283,A
9284,B
9285,C
9286,B
9287,C
9288,B
9289,C
9290,B
9291,B
9292,C
9293,A
9294,B
9295,A
9296,B
9297,C
9298,B
9299,C
9300,B
9301,A
9302,B
9303,A
9304,C
9305,B
9306,B
9307,B
9308,C
9309,A
9310,B
9311,C
9312,A
9313,A
9314,A
9315,A
9316,B
9317,C
9318,C
9319,A
9320,A
9321,A
9322,C
9323,B
9324,B
9325,A
9326,B
9327,B
9328,B
9329,A
9330,B
9331,C
9332,B
9333,A
9334,C
9335,A
9336,A
9337,B
9338,B
9339,C
9340,B
9341,C
9342,B
9343,A
9344,A
9345,A
9346,A
9347,A
9348,A
9349,C
9350,B
9351,B
9352,B
9353,B
9354,B
9355,B
9356,A
9357,C
9358,B
9359,C
9360,C
9361,B
9362,A
9363,C
9364,C
9365,B
9366,A
9367,A
9368,A
9369,A
9370,A
9371,C
9372,B
9373,B
9374,B
9375,C
9376,C
9377,A
9378,A
9379,A
9380,A
9381,A
9382,A
9383,B
9384,B
9385,C
9386,C
9387,A
9388,C
9389,A
9390,A
9391,A
9392,B
9393,C
9394,C
9395,C
9396,C
9397,A
9398,B
9399,C
9400,C
9401,B
9402,C
9403,A
9404,B
9405,A
9406,A
9407,B
9408,A
9409,C
9410,C
9411,A
9412,A
9413,A
9414,C
9415,A
9416,B
9417,B
9418,B
9419,B
9420,C
9421,B
9422,C
9423,A
9424,C
9425,A
9426,B
9427,A
9428,C
9429,C
9430,C
9431,C
9432,B
9433,B
9434,A
9435,A
9436,C
9437,A
9438,C
9439,C
9440,B
9441,A
9442,B
9443,A
9444,A
9445,B
9446,C
9447,B
9448,A
9449,A
9450,C
9451,B
9452,B
9453,C
9454,B
9455,C
9456,B
9457,B
9458,A
9459,A
9460,B
9461,C
9462,C
9463,C
9464,C
9465,C
9466,A
9467,B
9468,A
9469,C
9470,A
9471,B
9472,C
9473,B
9474,B
9475,A
9476,C
9477,A
9478,A
9479,C
9480,B
9481,C
9482,A
9483,C
9484,A
9485,A
9486,B
9487,B
9488,B
9489,A
9490,B
9491,C
9492,A
9493,C
9494,A
9495,C
9496,A
9497,A
9498,B
9499,C
9500,A
9501,A
9502,B
9503,C
9504,A
9505,B
9506,B
9507,C
9508,B
9509,C
9510,B
9511,C
9512,B
9513,C
9514,B
9515,A
9516,C
9517,B
9518,C
9519,C
9520,B
9521,B
9522,C
9523,C
9524,B
9525,A
9526,C
9527,B
9528,C
9529,C
9530,C
9531,C
9532,B
9533,C
9534,B
9535,A
9536,B
9537,B
9538,A
9539,C
9540,A
9541,A
9542,A
9543,C
9544,A
9545,C
9546,C
9547,C
9548,A
9549,A
9550,A
9551,A
9552,A
9553,C
9554,A
9555,C
9556,B
9557,C
9558,C
9559,C
9560,A
9561,C
9562,B
9563,C
9564,B
9565,A
9566,B
9567,A
9568,A
9569,C
9570,B
9571,C
9572,A
9573,B
9574,B
9575,C
9576,A
9577,B
9578,B
9579,C
9580,A
9581,A
9582,B
9583,B
9584,B
9585,A
9586,C
9587,B
9588,B
9589,C
9590,B
9591,C
9592,A
9593,A
9594,B
9595,B
9596,A
9597,B
9598,C
9599,A
9600,C
9601,C
9602,B
9603,C
9604,B
9605,B
9606,A
9607,C
9608,B
9609,A
9610,B
9611,C
9612,A
9613,A
9614,A
9615,B
9616,C
9617,C
9618,B
9619,A
9620,A
9621,B
9622,A
9623,A
9624,B
9625,A
9626,C
9627,B
9628,B
9629,A
9630,A
9631,C
9632,A
9633,C
9634,B
9635,C
9636,B
9637,C
9638,A
9639,C
9640,C
9641,A
9642,B
9643,C
9644,B
9645,C
9646,A
9647,A
9648,C
9649,C
9650,A
9651,C
9652,C
9653,C
9654,A
9655,C
9656,B
9657,C
9658,C
9659,B
9660,B
9661,A
9662,B
9663,B
9664,B
9665,B
9666,A
9667,B
9668,C
9669,C
9670,C
9671,A
9672,A
9673,C
9674,A
9675,C
9676,B
9677,C
9678,C
9679,A
9680,C
9681,A
9682,C
9683,C
9684,C
9685,C
9686,C
9687,B
9688,B
9689,B
9690,A
9691,C
9692,B
9693,A
9694,C
9695,B
9696,C
9697,A
9698,B
9699,B
9700,B
9701,B
9702,A
9703,C
9704,A
9705,A
9706,B
9707,A
9708,B
9709,A
9710,C
9711,B
9712,C
9713,B
9714,C
9715,A
9716,B
9717,A
9718,C
9719,B
9720,C
9721,A
9722,C
9723,A
9724,C
9725,A
9726,C
9727,B
9728,A
9729,B
9730,A
9731,A
9732,A
9733,B
9734,B
9735,B
9736,C
9737,C
9738,B
9739,C
9740,A
9741,C
9742,A
9743,A
9744,B
9745,C
9746,A
9747,A
9748,B
9749,A
9750,B
9751,C
9752,B
9753,C
9754,A
9755,A
9756,B
9757,B
9758,B
9759,C
9760,B
9761,A
9762,C
9763,C
9764,B
9765,C
9766,A
9767,A
9768,B
9769,C
9770,B
9771,C
9772,B
9773,C
9774,C
9775,C
9776,C
9777,A
9778,C
9779,B
9780,A
9781,B
9782,C
9783,A
9784,B
9785,A
9786,A
9787,A
9788,B
9789,A
9790,C
9791,B
9792,A
9793,B
9794,A
9795,A
9796,C
9797,A
9798,B
9799,C
9800,C
9801,B
9802,A
9803,B
9804,C
9805,A
9806,B
9807,A
9808,C
9809,A
9810,A
9811,B
9812,B
9813,B
9814,A
9815,C
9816,B
9817,C
9818,B
9819,A
9820,B
9821,C
9822,C
9823,C
9824,C
9825,A
9826,B
9827,C
9828,A
9829,C
9830,A
9831,C
9832,C
9833,C
9834,A
9835,C
9836,C
9837,B
9838,A
9839,A
9840,C
9841,A
9842,A
9843,B
9844,A
9845,C
9846,C
9847,A
9848,A
9849,B
9850,B
9851,B
9852,C
9853,B
9854,A
9855,A
9856,C
9857,B
9858,B
9859,B
9860,C
9861,B
9862,B
9863,A
9864,A
9865,A
9866,B
9867,C
9868,C
9869,A
9870,A
9871,A
9872,C
9873,A
9874,C
9875,C
9876,B
9877,C
9878,B
9879,B
9880,C
9881,B
9882,C
9883,A
9884,B
9885,C
9886,B
9887,A
9888,C
9889,B
9890,C
9891,C
9892,A
9893,C
9894,C
9895,A
9896,B
9897,A
9898,C
9899,C
9900,B
9901,A
9902,A
9903,A
9904,A
9905,C
9906,B
9907,C
9908,B
9909,B
9910,A
9911,B
9912,A
9913,C
9914,B
9915,B
9916,B
9917,A
9918,C
9919,C
9920,A
9921,A
9922,C
9923,B
9924,C
9925,B
9926,C
9927,B
9928,C
9929,B
9930,A
9931,A
9932,A
9933,A
9934,A
9935,A
9936,C
9937,A
9938,B
9939,C
9940,A
9941,A
9942,A
9943,A
9944,C
9945,A
9946,B
9947,B
9948,B
9949,C
9950,A
9951,B
9952,B
9953,B
9954,C
9955,C
9956,C
9957,B
9958,B
9959,B
9960,A
9961,A
9962,A
9963,C
9964,A
9965,C
9966,A
9967,C
9968,A
9969,C
9970,C
9971,A
9972,A
9973,B
9974,A
9975,C
9976,B
9977,A
9978,C
9979,B
9980,B
9981,C
9982,B
9983,B
9984,B
9985,C
9986,C
9987,A
9988,A
9989,C
9990,C
9991,A
9992,B
9993,B
9994,C
9995,C
9996,A
9997,A
9998,B
9999,C
10000,B
10001,C
10002,A
10003,B
10004,B
10005,A
10006,A
10007,B
10008,A
10009,B
10010,C
10011,A
10012,B
10013,C
10014,C
10015,B
10016,C
10017,A
10018,C
10019,C
10020,A
10021,A
10022,B
10023,B
10024,B
10025,A
10026,A
10027,C
10028,C
10029,A
10030,A
10031,C
10032,A
10033,B
10034,C
10035,B
10036,C
10037,B
10038,B
10039,B
10040,B
10041,C
10042,B
10043,B
10044,C
10045,C
10046,C
10047,A
10048,C
10049,A
10050,A
10051,C
10052,B
10053,A
10054,B
10055,A
10056,A
10057,B
10058,B
10059,C
10060,A
10061,B
10062,C
10063,A
10064,A
10065,C
10066,B
10067,A
10068,B
10069,C
10070,B
10071,A
10072,B
10073,A
10074,B
10075,C
10076,B
10077,B
10078,C
10079,A
10080,C
10081,C
10082,B
10083,C
10084,B
10085,B
10086,B
10087,B
10088,C
10089,C
10090,A
10091,C
10092,C
10093,C
10094,A
10095,B
10096,A
10097,A
10098,B
10099,A
10100,C
10101,B
10102,A
10103,C
10104,A
10105,A
10106,C
10107,A
10108,C
10109,B
10110,B
10111,A
10112,C
10113,C
10114,A
10115,B
10116,C
10117,C
10118,A
10119,C
10120,A
10121,C
10122,C
10123,C
10124,B
10125,A
10126,C
10127,A
10128,A
10129,B
10130,A
10131,B
10132,B
10133,C
10134,A
10135,A
10136,B
10137,A
10138,C
10139,B
10140,A
10141,C
10142,B
10143,A
10144,A
10145,A
10146,B
10147,A
10148,B
10149,A
10150,B
10151,C
10152,B
10153,B
10154,B
10155,C
10156,A
10157,A
10158,B
10159,A
10160,A
10161,C
10162,B
10163,B
10164,A
10165,C
10166,A
10167,B
10168,C
10169,C
10170,C
10171,B
10172,C
10173,B
10174,C
10175,A
10176,A
10177,A
10178,B
10179,B
10180,B
10181,C
10182,A
10183,B
10184,C
10185,C
10186,A
10187,C
10188,B
10189,A
10190,A
10191,C
10192,B
10193,C
10194,B
10195,A
10196,A
10197,C
10198,B
10199,B
10200,B
10201,B
10202,C
10203,B
10204,A
10205,B
10206,B
10207,A
10208,B
10209,A
10210,C
10211,B
10212,B
10213,B
10214,A
10215,B
10216,B
10217,B
10218,B
10219,A
10220,C
10221,A
10222,B
10223,B
10224,B
10225,B
10226,B
10227,C
10228,C
10229,B
10230,A
10231,B
10232,C
10233,B
10234,C
10235,A
10236,C
10237,A
10238,B
10239,A
10240,C
10241,A
10242,B
10243,B
10244,C
10245,A
10246,B
10247,C
10248,B
10249,B
10250,C
10251,B
10252,B
10253,A
10254,B
10255,B
10256,C
10257,B
10258,A
10259,C
10260,B
10261,A
10262,C
10263,C
10264,A
10265,C
10266,B
10267,A
10268,C
10269,A
10270,C
10271,A
10272,A
10273,C
10274,B
10275,C
10276,B
10277,B
10278,A
10279,A
10280,A
10281,B
10282,A
10283,B
10284,C
10285,A
10286,C
10287,C
10288,A
10289,C
10290,C
10291,B
10292,A
10293,A
10294,B
10295,C
10296,A
10297,B
10298,A
10299,A
10300,B
10301,A
10302,C
10303,A
10304,B
10305,B
10306,C
10307,B
10308,C
10309,A
10310,C
10311,B
10312,A
10313,A
10314,C
10315,A
10316,B
10317,A
10318,C
10319,C
10320,C
10321,A
10322,A
10323,B
10324,C
10325,C
10326,A
10327,A
10328,A
10329,C
10330,C
10331,C
10332,B
10333,C
10334,A
10335,A
10336,B
10337,B
10338,B
10339,C
10340,C
10341,A
10342,C
10343,A
10344,B
10345,B
10346,A
10347,C
10348,C
10349,A
10350,B
10351,B
10352,A
10353,A
10354,C
10355,B
10356,C
10357,B
10358,B
10359,A
10360,A
10361,C
10362,B
10363,A
10364,C
10365,A
10366,B
10367,A
10368,B
10369,C
10370,B
10371,C
10372,A
10373,C
10374,A
10375,B
10376,A
10377,C
10378,A
10379,C
10380,C
10381,C
10382,B
10383,B
10384,C
10385,A
10386,B
10387,B
10388,A
10389,A
10390,C
10391,B
10392,B
10393,A
10394,C
10395,A
10396,B
10397,C
10398,A
10399,C
10400,C
10401,C
10402,C
10403,B
10404,B
10405,C
10406,A
10407,A
10408,A
10409,C
10410,A
10411,A
10412,C
10413,C
10414,A
10415,C
10416,B
10417,B
10418,B
10419,C
10420,A
10421,C
10422,A
10423,A
10424,C
10425,B
10426,C
10427,C
10428,A
10429,A
10430,C
10431,A
10432,A
10433,C
10434,B
10435,B
10436,C
10437,B
10438,B
10439,B
10440,A
10441,B
10442,B
10443,A
10444,C
10445,A
10446,B
10447,A
10448,C
10449,B
10450,C
10451,B
10452,C
10453,C
10454,A
10455,A
10456,A
10457,C
10458,A
10459,B
10460,B
10461,B
10462,C
10463,C
10464,A
10465,B
10466,A
10467,A
10468,B
10469,C
10470,A
10471,B
10472,B
10473,A
10474,C
10475,C
10476,B
10477,C
10478,A
10479,C
10480,A
10481,A
10482,A
10483,A
10484,B
10485,B
10486,B
10487,B
10488,B
10489,B
10490,A
10491,C
10492,B
10493,A
10494,B
10495,A
10496,A
10497,C
10498,A
10499,C
10500,B
10501,C
10502,B
10503,C
10504,A
10505,B
10506,C
10507,B
10508,A
10509,A
10510,B
10511,A
10512,A
10513,C
10514,B
10515,A
10516,A
10517,B
10518,B
10519,A
10520,C
10521,A
10522,B
10523,A
10524,A
10525,A
10526,C
10527,C
10528,C
10529,C
10530,B
10531,C
10532,A
10533,A
10534,A
10535,B
10536,A
10537,B
10538,A
10539,C
10540,B
10541,B
10542,B
10543,C
10544,A
10545,C
10546,A
10547,A
10548,A
10549,C
10550,B
10551,A
10552,A
10553,A
10554,B
10555,A
10556,C
10557,C
10558,A
10559,C
10560,A
10561,C
10562,C
10563,C
10564,C
10565,A
10566,C
10567,B
10568,A
10569,B
10570,B
10571,B
10572,B
10573,C
10574,B
10575,A
10576,C
10577,C
10578,A
10579,B
10580,C
10581,A
10582,A
10583,C
10584,B
10585,B
10586,A
10587,B
10588,A
10589,B
10590,B
10591,C
10592,C
10593,A
10594,A
10595,C
10596,C
10597,C
10598,B
10599,C
10600,A
10601,A
10602,C
10603,A
10604,A
10605,B
10606,C
10607,A
10608,B
10609,A
10610,B
10611,B
10612,B
10613,C
10614,A
10615,A
10616,C
10617,B
10618,B
10619,C
10620,B
10621,B
10622,A
10623,C
10624,C
10625,B
10626,A
10627,A
10628,C
10629,A
10630,B
10631,C
10632,A
10633,B
10634,C
10635,A
10636,B
10637,A
10638,C
10639,A
10640,A
10641,B
10642,B
10643,C
10644,C
10645,C
10646,C
10647,B
10648,B
10649,A
10650,B
10651,B
10652,A
10653,A
10654,A
10655,A
10656,A
10657,B
10658,C
10659,A
10660,B
10661,C
10662,B
10663,A
10664,C
10665,C
10666,C
10667,C
10668,C
10669,A
10670,C
10671,C
10672,C
10673,A
10674,B
10675,A
10676,C
10677,A
10678,A
10679,B
10680,C
10681,A
10682,B
10683,B
10684,A
10685,C
10686,A
10687,C
10688,A
10689,B
10690,A
10691,C
10692,A
10693,A
10694,A
10695,C
10696,C
10697,C
10698,C
10699,C
10700,B
10701,C
10702,A
10703,B
10704,A
10705,C
10706,A
10707,B
10708,A
10709,B
10710,B
10711,C
10712,A
10713,C
10714,C
10715,B
10716,C
10717,B
10718,C
10719,A
10720,C
10721,C
10722,A
10723,C
10724,C
10725,B
10726,C
10727,A
10728,C
10729,A
10730,C
10731,B
10732,A
10733,C
10734,C
10735,B
10736,B
10737,B
10738,A
10739,A
10740,A
10741,C
10742,A
10743,C
10744,A
10745,C
10746,A
10747,C
10748,A
10749,B
10750,B
10751,B
10752,A
10753,B
10754,A
10755,A
10756,C
10757,C
10758,C
10759,B
10760,C
10761,C
10762,B
10763,B
10764,C
10765,A
10766,C
10767,C
10768,A
10769,B
10770,B
10771,B
10772,A
10773,B
10774,A
10775,C
10776,B
10777,B
10778,B
10779,A
10780,C
10781,B
10782,B
10783,A
10784,A
10785,C
10786,A
10787,B
10788,C
10789,A
10790,B
10791,B
10792,B
10793,A
10794,A
10795,C
10796,A
10797,C
10798,B
10799,A
10800,A
10801,A
10802,C
10803,A
10804,A
10805,A
10806,C
10807,B
10808,A
10809,A
10810,B
10811,B
10812,A
10813,C
10814,C
10815,A
10816,B
10817,C
10818,A
10819,C
10820,A
10821,C
10822,B
10823,A
10824,C
10825,B
10826,B
10827,B
10828,C
10829,C
10830,B
10831,C
10832,C
10833,C
10834,B
10835,A
10836,C
10837,A
10838,B
10839,C
10840,C
10841,B
10842,A
10843,A
10844,A
10845,C
10846,C
10847,A
10848,C
10849,A
10850,A
10851,C
10852,A
10853,B
10854,A
10855,C
10856,B
10857,A
10858,B
10859,B
10860,A
10861,A
10862,A
10863,A
10864,B
10865,A
10866,C
10867,A
10868,B
10869,C
10870,B
10871,B
10872,A
10873,A
10874,B
10875,C
10876,B
10877,C
10878,A
10879,B
10880,B
10881,A
10882,C
10883,B
10884,B
10885,C
10886,A
10887,B
10888,C
10889,B
10890,B
10891,C
10892,C
10893,A
10894,A
10895,C
10896,B
10897,A
10898,C
10899,A
10900,C
10901,B
10902,B
10903,C
10904,A
10905,A
10906,C
10907,B
10908,B
10909,A
10910,C
10911,B
10912,B
10913,B
10914,A
10915,C
10916,C
10917,A
10918,B
10919,B
10920,C
10921,B
10922,B
10923,B
10924,C
10925,A
10926,B
10927,A
10928,A
10929,C
10930,C
10931,C
10932,A
10933,C
10934,B
10935,C
10936,C
10937,C
10938,A
10939,A
10940,B
10941,C
10942,B
10943,C
10944,C
10945,A
10946,B
10947,B
10948,A
10949,C
10950,B
10951,A
10952,A
10953,B
10954,C
10955,C
10956,B
10957,A
10958,A
10959,C
10960,C
10961,A
10962,B
10963,A
10964,C
10965,B
10966,C
10967,C
10968,C
10969,B
10970,B
10971,A
10972,A
10973,A
10974,B
10975,A
10976,A
10977,C
10978,C
10979,B
10980,B
10981,C
10982,C
10983,A
10984,A
10985,A
10986,B
10987,C
10988,B
10989,C
10990,A
10991,C
10992,C
10993,A
10994,B
10995,C
10996,C
10997,C
10998,B
10999,C
11000,A
11001,B
11002,B
11003,B
11004,A
11005,C
11006,C
11007,B
11008,B
11009,A
11010,C
11011,A
11012,C
11013,B
11014,B
11015,B
11016,C
11017,A
11018,A
11019,B
11020,B
11021,C
11022,C
11023,B
11024,A
11025,C
11026,A
11027,A
11028,C
11029,C
11030,C
11031,A
11032,B
11033,A
11034,A
11035,C
11036,C
11037,C
11038,B
11039,C
11040,C
11041,C
11042,A
11043,C
11044,A
11045,A
11046,C
11047,B
11048,C
11049,B
11050,C
11051,B
11052,A
11053,B
11054,C
11055,B
11056,B
11057,A
11058,B
11059,B
11060,B
11061,C
11062,B
11063,A
11064,C
11065,C
11066,A
11067,A
11068,C
11069,A
11070,A
11071,A
11072,B
11073,C
11074,C
11075,A
11076,C
11077,A
11078,C
11079,B
11080,A
11081,A
11082,C
11083,C
11084,C
11085,C
11086,A
11087,A
11088,A
11089,A
11090,A
11091,A
11092,A
11093,C
11094,C
11095,C
11096,A
11097,C
11098,A
11099,B
11100,C
11101,B
11102,B
11103,B
11104,A
11105,A
11106,A
11107,C
11108,B
11109,C
11110,B
11111,B
11112,C
11113,A
11114,A
11115,B
11116,C
11117,A
11118,A
11119,A
11120,C
11121,C
11122,B
11123,A
11124,B
11125,C
11126,A
11127,B
11128,B
11129,C
11130,A
11131,A
11132,C
11133,A
11134,A
11135,B
11136,C
11137,A
11138,B
11139,C
11140,A
11141,C
11142,C
11143,A
11144,A
11145,A
11146,C
11147,B
11148,C
11149,C
11150,C
11151,C
11152,B
11153,C
11154,C
11155,C
11156,C
11157,C
11158,A
11159,A
11160,B
11161,A
11162,B
11163,A
11164,A
11165,B
11166,A
11167,B
11168,A
11169,B
11170,B
11171,C
11172,A
11173,C
11174,B
11175,B
11176,A
11177,A
11178,C
11179,A
11180,B
11181,B
11182,C
11183,A
11184,B
11185,B
11186,C
11187,B
11188,B
11189,C
11190,A
11191,B
11192,C
11193,A
11194,A
11195,A
11196,A
11197,B
11198,C
11199,C
11200,C
11201,C
11202,B
11203,C
11204,A
11205,A
11206,C
11207,B
11208,A
11209,B
11210,B
11211,B
11212,C
11213,B
11214,B
11215,A
11216,C
11217,A
11218,A
11219,C
11220,C
11221,A
11222,C
11223,A
11224,B
11225,A
11226,A
11227,A
11228,C
11229,A
11230,B
11231,C
11232,C
11233,B
11234,B
11235,A
11236,C
11237,A
11238,A
11239,A
11240,B
11241,A
11242,C
11243,A
11244,A
11245,C
11246,A
11247,A
11248,C
11249,C
11250,B
11251,C
11252,B
11253,B
11254,A
11255,C
11256,C
11257,B
11258,C
11259,A
11260,C
11261,A
11262,A
11263,A
11264,C
11265,B
11266,C
11267,B
11268,B
11269,A
11270,A
11271,C
11272,C
11273,A
11274,A
11275,C
11276,C
11277,C
11278,C
11279,A
11280,A
11281,C
11282,C
11283,A
11284,A
11285,C
11286,B
11287,A
11288,B
11289,B
11290,A
11291,B
11292,A
11293,C
11294,B
11295,A
11296,B
11297,C
11298,C
11299,C
11300,A
11301,A
11302,C
11303,A
11304,C
11305,A
11306,A
11307,A
11308,C
11309,A
11310,C
11311,A
11312,B
11313,B
11314,C
11315,A
11316,A
11317,A
11318,C
11319,A
11320,A
11321,C
11322,A
11323,C
11324,C
11325,A
11326,A
11327,B
11328,C
11329,B
11330,C
11331,A
11332,B
11333,C
11334,B
11335,C
11336,C
11337,B
11338,A
11339,B
11340,A
11341,C
11342,B
11343,C
11344,C
11345,A
11346,C
11347,C
11348,C
11349,A
11350,B
11351,A
11352,B
11353,B
11354,B
11355,A
11356,B
11357,C
11358,B
11359,C
11360,C
11361,B
11362,A
11363,B
11364,C
11365,C
11366,B
11367,A
11368,A
11369,B
11370,B
11371,A
11372,B
11373,B
11374,B
11375,A
11376,C
11377,B
11378,B
11379,A
11380,A
11381,A
11382,B
11383,A
11384,B
11385,A
11386,A
11387,C
11388,C
11389,B
11390,A
11391,A
11392,C
11393,A
11394,A
11395,C
11396,A
11397,B
11398,A
11399,C
11400,B
11401,C
11402,A
11403,C
11404,A
11405,A
11406,C
11407,B
11408,C
11409,C
11410,A
11411,C
11412,A
11413,C
11414,C
11415,B
11416,C
11417,B
11418,C
11419,A
11420,A
11421,A
11422,C
11423,C
11424,B
11425,C
11426,B
11427,C
11428,B
11429,A
11430,A
11431,A
11432,B
11433,B
11434,B
11435,A
11436,B
11437,A
11438,A
11439,B
11440,B
11441,C
11442,C
11443,B
11444,C
11445,B
11446,C
11447,C
11448,C
11449,A
11450,A
11451,B
11452,B
11453,A
11454,B
11455,A
11456,C
11457,A
11458,B
11459,B
11460,B
11461,A
11462,B
11463,C
11464,C
11465,C
11466,C
11467,C
11468,B
11469,C
11470,A
11471,B
11472,A
11473,A
11474,A
11475,B
11476,C
11477,C
11478,A
11479,B
11480,C
11481,B
11482,B
11483,C
11484,A
11485,C
11486,B
11487,C
11488,C
11489,B
11490,A
11491,C
11492,C
11493,C
11494,C
11495,C
11496,C
11497,B
11498,C
11499,A
11500,A
11501,A
11502,A
11503,B
11504,A
11505,B
11506,B
11507,A
11508,A
11509,A
11510,C
11511,A
11512,C
11513,C
11514,C
11515,B
11516,B
11517,B
11518,A
11519,C
11520,A
11521,A
11522,B
11523,B
11524,B
11525,A
11526,A
11527,C
11528,C
11529,A
11530,B
11531,B
11532,B
11533,A
11534,C
11535,C
11536,C
11537,A
11538,A
11539,B
11540,C
11541,C
11542,C
11543,A
11544,A
11545,B
11546,B
11547,B
11548,B
11549,C
11550,A
11551,B
11552,C
11553,C
11554,B
11555,B
11556,B
11557,A
11558,B
11559,A
11560,C
11561,C
11562,C
11563,B
11564,A
11565,C
11566,A
11567,B
11568,C
11569,A
11570,C
11571,A
11572,A
11573,A
11574,C
11575,A
11576,B
11577,C
11578,C
11579,C
11580,C
11581,C
11582,A
11583,C
11584,C
11585,A
11586,A
11587,C
11588,C
11589,C
11590,B
11591,A
11592,A
11593,C
11594,B
11595,A
11596,C
11597,C
11598,A
11599,B
11600,C
11601,C
11602,A
11603,B
11604,B
11605,A
11606,A
11607,B
11608,A
11609,C
11610,A
11611,A
11612,A
11613,A
11614,A
11615,A
11616,B
11617,B
11618,C
11619,A
11620,B
11621,A
11622,A
11623,B
11624,B
11625,B
11626,A
11627,A
11628,B
11629,A
11630,A
11631,A
11632,C
11633,B
11634,C
11635,C
11636,C
11637,A
11638,A
11639,A
11640,A
11641,A
11642,B
11643,B
11644,A
11645,B
11646,B
11647,C
11648,A
11649,C
11650,B
11651,A
11652,B
11653,C
11654,B
11655,B
11656,B
11657,A
11658,A
11659,B
11660,A
11661,A
11662,C
11663,A
11664,B
11665,C
11666,A
11667,A
11668,C
11669,B
11670,C
11671,A
11672,C
11673,A
11674,C
11675,B
11676,A
11677,A
11678,B
11679,B
11680,C
11681,B
11682,B
11683,A
11684,A
11685,A
11686,A
11687,C
11688,C
11689,B
11690,A
11691,C
11692,B
11693,B
11694,A
11695,B
11696,B
11697,A
11698,A
11699,A
11700,C
11701,B
11702,A
11703,B
11704,B
11705,C
11706,A
11707,B
11708,A
11709,B
11710,B
11711,B
11712,C
11713,B
11714,B
11715,C
11716,A
11717,C
11718,C
11719,A
11720,A
11721,B
11722,B
11723,C
11724,A
11725,A
11726,B
11727,A
11728,B
11729,C
11730,C
11731,B
11732,C
11733,B
11734,C
11735,B
11736,C
11737,C
11738,B
11739,A
11740,C
11741,C
11742,B
11743,A
11744,C
11745,A
11746,A
11747,A
11748,C
11749,A
11750,B
11751,A
11752,A
11753,B
11754,B
11755,A
11756,B
11757,A
11758,B
11759,B
11760,C
11761,C
11762,B
11763,A
11764,B
11765,A
11766,C
11767,A
11768,A
11769,C
11770,A
11771,B
11772,B
11773,B
11774,B
11775,B
11776,B
11777,A
11778,B
11779,A
11780,B
11781,B
11782,C
11783,A
11784,C
11785,A
11786,B
11787,C
11788,A
11789,C
11790,B
11791,C
11792,C
11793,B
11794,A
11795,C
11796,A
11797,B
11798,C
11799,C
11800,B
11801,A
11802,A
11803,C
11804,B
11805,A
11806,C
11807,B
11808,B
11809,A
11810,B
11811,B
11812,C
11813,A
11814,C
11815,C
11816,A
11817,A
11818,C
11819,A
11820,B
11821,B
11822,A
11823,A
11824,A
11825,B
11826,C
11827,B
11828,C
11829,A
11830,C
11831,C
11832,B
11833,C
11834,B
11835,C
11836,B
11837,B
11838,B
11839,A
11840,C
11841,C
11842,B
11843,A
11844,C
11845,A
11846,B
11847,A
11848,C
11849,C
11850,A
11851,C
11852,A
11853,B
11854,A
11855,C
11856,B
11857,A
11858,A
11859,C
11860,A
11861,A
11862,A
11863,C
11864,A
11865,B
11866,A
11867,B
11868,C
11869,A
11870,B
11871,B
11872,C
11873,A
11874,B
11875,C
11876,B
11877,A
11878,C
11879,C
11880,C
11881,B
11882,C
11883,A
11884,B
11885,A
11886,C
11887,C
11888,C
11889,C
11890,B
11891,B
11892,B
11893,C
11894,C
11895,B
11896,A
11897,A
11898,B
11899,B
11900,C
11901,C
11902,B
11903,B
11904,C
11905,C
11906,A
11907,A
11908,C
11909,B
11910,C
11911,A
11912,C
11913,C
11914,B
11915,B
11916,B
11917,C
11918,A
11919,C
11920,C
11921,B
11922,C
11923,B
11924,C
11925,B
11926,B
11927,C
11928,A
11929,A
11930,B
11931,C
11932,C
11933,A
11934,C
11935,B
11936,C
11937,B
11938,C
11939,C
11940,A
11941,A
11942,B
11943,A
11944,A
11945,C
11946,C
11947,A
11948,C
11949,A
11950,B
11951,A
11952,A
11953,C
11954,C
11955,A
11956,C
11957,A
11958,A
11959,C
11960,A
11961,A
11962,B
11963,C
11964,A
11965,C
11966,C
11967,B
11968,B
11969,A
11970,B
11971,A
11972,B
11973,B
11974,B
11975,C
11976,A
11977,A
11978,B
11979,C
11980,B
11981,C
11982,B
11983,B
11984,C
11985,A
11986,B
11987,A
11988,B
11989,A
11990,A
11991,C
11992,B
11993,A
11994,C
11995,B
11996,C
11997,A
11998,A
11999,B
12000,C
12001,B
12002,C
12003,B
12004,B
12005,C
12006,C
12007,B
12008,B
12009,B
12010,B
12011,B
12012,A
12013,C
12014,B
12015,A
12016,A
12017,C
12018,A
12019,C
12020,C
12021,C
12022,B
12023,C
12024,A
12025,A
12026,C
12027,B
12028,B
12029,C
12030,C
12031,A
12032,B
12033,A
12034,B
12035,C
12036,A
12037,C
12038,B
12039,C
12040,A
12041,A
12042,A
12043,C
12044,B
12045,C
12046,A
12047,C
12048,A
12049,C
12050,C
12051,A
12052,A
12053,A
12054,A
12055,B
12056,C
12057,A
12058,A
12059,A
12060,C
12061,B
12062,C
12063,B
12064,B
12065,C
12066,C
12067,B
12068,B
12069,A
12070,B
12071,B
12072,C
12073,C
12074,A
12075,A
12076,C
12077,C
12078,C
12079,C
12080,C
12081,A
12082,A
12083,A
12084,A
12085,A
12086,B
12087,A
12088,A
12089,B
12090,C
12091,C
12092,A
12093,B
12094,A
12095,A
12096,B
12097,B
12098,B
12099,C
12100,A
12101,A
12102,A
12103,B
12104,B
12105,C
12106,A
12107,A
12108,B
12109,A
12110,B
12111,A
12112,A
12113,C
12114,C
12115,A
12116,A
12117,C
12118,B
12119,C
12120,C
12121,B
12122,C
12123,B
12124,C
12125,A
12126,C
12127,B
12128,B
12129,B
12130,B
12131,C
12132,A
12133,C
12134,C
12135,A
12136,B
12137,C
12138,C
12139,A
12140,A
12141,B
12142,A
12143,B
12144,C
12145,A
12146,C
12147,A
12148,A
12149,A
12150,C
12151,C
12152,A
12153,C
12154,C
12155,A
12156,B
12157,C
12158,B
12159,B
12160,B
12161,B
12162,B
12163,A
12164,C
12165,A
12166,B
12167,A
12168,A
12169,C
12170,B
12171,B
12172,C
12173,A
12174,A
12175,C
12176,C
12177,B
12178,C
12179,A
12180,A
12181,B
12182,B
12183,C
12184,A
12185,A
12186,B
12187,B
12188,B
12189,B
12190,B
12191,C
12192,A
12193,C
12194,C
12195,B
12196,A
12197,B
12198,A
12199,A
12200,C
12201,A
12202,C
12203,C
12204,B
12205,B
12206,A
12207,A
12208,C
12209,B
12210,A
12211,C
12212,C
12213,C
12214,C
12215,B
12216,C
12217,B
12218,C
12219,A
12220,A
12221,C
12222,C
12223,A
12224,A
12225,A
12226,A
12227,C
12228,A
12229,A
12230,B
12231,A
12232,A
12233,B
12234,B
12235,B
12236,B
12237,C
12238,C
12239,B
12240,B
12241,C
12242,C
12243,C
12244,A
12245,A
12246,A
12247,A
12248,B
12249,A
12250,A
12251,C
12252,B
12253,C
12254,C
12255,A
12256,C
12257,B
12258,B
12259,A
12260,A
12261,C
12262,A
12263,B
12264,C
12265,C
12266,B
12267,B
12268,B
12269,C
12270,C
12271,C
12272,B
12273,A
12274,C
12275,C
12276,C
12277,B
12278,C
12279,A
12280,B
12281,C
12282,C
12283,A
12284,C
12285,C
12286,A
12287,A
12288,C
12289,A
12290,C
12291,B
12292,C
12293,B
12294,C
12295,C
12296,A
12297,C
12298,B
12299,B
12300,C
12301,C
12302,B
12303,C
12304,B
12305,B
12306,B
12307,C
12308,B
12309,B
12310,C
12311,C
12312,C
12313,C
12314,A
12315,C
12316,A
12317,A
12318,C
12319,B
12320,B
12321,A
12322,C
12323,B
12324,C
12325,B
12326,B
12327,C
12328,A
12329,A
12330,B
12331,B
12332,C
12333,A
12334,B
12335,A
12336,A
12337,C
12338,C
12339,B
12340,A
12341,B
12342,C
12343,C
12344,B
12345,B
12346,A
12347,C
12348,A
12349,A
12350,A
12351,C
12352,C
12353,A
12354,A
12355,B
12356,A
12357,B
12358,C
12359,C
12360,B
12361,B
12362,A
12363,A
12364,A
12365,A
12366,B
12367,A
12368,A
12369,A
12370,A
12371,A
12372,B
12373,B
12374,A
12375,B
12376,A
12377,A
12378,B
12379,C
12380,B
12381,A
12382,C
12383,B
12384,C
12385,C
12386,B
12387,A
12388,A
12389,C
12390,B
12391,A
12392,B
12393,C
12394,B
12395,C
12396,B
12397,B
12398,B
12399,B
12400,C
12401,C
12402,B
12403,C
12404,A
12405,B
12406,B
12407,B
12408,A
12409,B
12410,A
12411,A
12412,C
12413,C
12414,B
12415,B
12416,A
12417,B
12418,A
12419,B
12420,B
12421,A
12422,B
12423,A
12424,C
12425,B
12426,C
12427,C
12428,B
12429,A
12430,B
12431,A
12432,A
12433,C
12434,A
12435,A
12436,A
12437,A
12438,B
12439,C
12440,C
12441,A
12442,B
12443,A
12444,B
12445,A
12446,B
12447,B
12448,B
12449,C
12450,B
12451,C
12452,C
12453,A
12454,B
12455,C
12456,A
12457,B
12458,B
12459,C
12460,C
12461,A
12462,B
12463,C
12464,A
12465,C
12466,A
12467,C
12468,B
12469,C
12470,A
12471,B
12472,C
12473,C
12474,A
12475,C
12476,A
12477,B
12478,B
12479,B
12480,A
12481,B
12482,C
12483,A
12484,C
12485,B
12486,C
12487,A
12488,A
12489,A
12490,C
12491,A
12492,B
12493,B
12494,C
12495,A
12496,A
12497,C
12498,A
12499,C
12500,C
12501,C
12502,A
12503,C
12504,C
12505,B
12506,C
12507,C
12508,C
12509,A
12510,B
12511,B
12512,B
12513,C
12514,A
12515,B
12516,A
12517,A
12518,B
12519,C
12520,A
12521,B
12522,A
12523,B
12524,B
12525,C
12526,B
12527,C
12528,C
12529,C
12530,A
12531,C
12532,C
12533,A
12534,C
12535,C
12536,B
12537,C
12538,B
12539,A
12540,A
12541,A
12542,A
12543,A
12544,C
12545,B
12546,A
12547,B
12548,C
12549,B
12550,B
12551,B
12552,B
12553,C
12554,B
12555,B
12556,A
12557,A
12558,C
12559,B
12560,C
12561,B
12562,C
12563,B
12564,A
12565,A
12566,A
12567,C
12568,A
12569,B
12570,C
12571,B
12572,B
12573,B
12574,C
12575,B
12576,B
12577,C
12578,A
12579,C
12580,C
12581,B
12582,A
12583,A
12584,A
12585,C
12586,C
12587,B
12588,C
12589,B
12590,C
12591,C
12592,C
12593,C
12594,A
12595,B
12596,C
12597,A
12598,B
12599,A
12600,C
12601,C
12602,B
12603,C
12604,A
12605,B
12606,C
12607,C
12608,A
12609,C
12610,A
12611,C
12612,A
12613,C
12614,A
12615,A
12616,C
12617,C
12618,C
12619,B
12620,B
12621,C
12622,B
12623,C
12624,B
12625,A
12626,C
12627,A
12628,B
12629,C
12630,B
12631,A
12632,C
12633,B
12634,A
12635,A
12636,B
12637,A
12638,B
12639,A
12640,C
12641,A
12642,B
12643,B
12644,B
12645,A
12646,C
12647,A
12648,A
12649,B
12650,B
12651,C
12652,B
12653,B
12654,A
12655,B
12656,A
12657,C
12658,B
12659,B
12660,A
12661,B
12662,A
12663,B
12664,C
12665,A
12666,B
12667,A
12668,B
12669,C
12670,B
12671,A
12672,A
12673,C
12674,C
12675,A
12676,B
12677,C
12678,A
12679,C
12680,C
12681,A
12682,A
12683,C
12684,A
12685,C
12686,C
12687,B
12688,B
12689,C
12690,C
12691,A
12692,B
12693,C
12694,C
12695,B
12696,A
12697,B
12698,C
12699,C
12700,B
12701,C
12702,A
12703,B
12704,B
12705,B
12706,C
12707,A
12708,A
12709,A
12710,C
12711,C
12712,C
12713,A
12714,A
12715,C
12716,C
12717,A
12718,B
12719,A
12720,A
12721,A
12722,C
12723,A
12724,A
12725,A
12726,A
12727,C
12728,A
12729,B
12730,A
12731,A
12732,C
12733,C
12734,C
12735,C
12736,A
12737,C
12738,B
12739,C
12740,B
12741,C
12742,B
12743,B
12744,A
12745,C
12746,B
12747,C
12748,C
12749,C
12750,B
12751,C
12752,A
12753,A
12754,C
12755,B
12756,A
12757,B
12758,A
12759,B
12760,B
12761,C
12762,B
12763,C
12764,A
12765,B
12766,A
12767,A
12768,A
12769,A
12770,B
12771,A
12772,C
12773,A
12774,B
12775,C
12776,B
12777,A
12778,C
12779,A
12780,C
12781,C
12782,A
12783,A
12784,A
12785,B
12786,C
12787,B
12788,B
12789,A
12790,A
12791,A
12792,B
12793,B
12794,B
12795,A
12796,B
12797,A
12798,A
12799,A
12800,C
12801,A
12802,B
12803,A
12804,C
12805,B
12806,C
12807,B
12808,A
12809,B
12810,C
12811,B
12812,A
12813,B
12814,A
12815,A
12816,C
12817,A
12818,A
12819,C
12820,A
12821,B
12822,C
12823,B
12824,A
12825,B
12826,A
12827,A
12828,C
12829,A
12830,A
12831,A
12832,A
12833,A
12834,C
12835,B
12836,B
12837,C
12838,C
12839,A
12840,B
12841,A
12842,A
12843,A
12844,A
12845,B
12846,A
12847,B
12848,B
12849,B
12850,A
12851,C
12852,A
12853,C
12854,B
12855,C
12856,B
12857,B
12858,A
12859,C
12860,A
12861,A
12862,A
12863,B
12864,A
12865,C
12866,A
12867,A
12868,A
12869,A
12870,B
12871,C
12872,B
12873,B
12874,B
12875,C
12876,B
12877,A
12878,A
12879,A
12880,B
12881,A
12882,C
12883,C
12884,A
12885,A
12886,C
12887,A
12888,A
12889,A
12890,C
12891,B
12892,C
12893,A
12894,A
12895,B
12896,A
12897,C
12898,B
12899,C
12900,B
12901,B
12902,A
12903,B
12904,C
12905,B
12906,C
12907,A
12908,B
12909,A
12910,A
12911,C
12912,A
12913,A
12914,C
12915,A
12916,C
12917,A
12918,B
12919,A
12920,A
12921,C
